entity_a,entity_b,count
2030,Jordan,5
2023,2030,5
Jordan,Middle East,4
2030,50%,4
Middle East,North Africa,4
Jordan,Saudi Arabia,3
Middle East,Saudi Arabia,3
2023,Middle East,3
Middle East,South Asia,3
2023,UNEP,3
2023,North Africa,3
2023,2100,3
2023,Jordan,3
2030,45%,3
2030,2050,3
South Asia,Sub-Saharan Africa,2
2100,UNEP,2
2023,China,2
Israel,Jordan,2
Jordan,Red Sea,2
Jordan,World Bank,2
2023,the United States,2
Jordan,the Gulf of Aqaba,2
50%,60%,2
40%,Jordan,2
2030,IPCC,2
El Nino,Middle East,2
2022,European Union,2
Jordan,the Jordan Valley,2
2100,Paris Agreement,2
2030,United Arab Emirates,2
European Union,Jordan,2
2022,2030,2
China,India,2
Amman,Baghdad,2
Amman,Jordan,2
North Africa,Southern Europe,2
Greece,Mediterranean,2
2030,UNEP,2
China,the United States,2
the Jordan Valley,the Jordanian Ministry of Agriculture,2
Jordan,Mediterranean,2
China,Paris Agreement,2
2022,CO2,2
2030,Middle East,2
Jordan,UNHCR,2
Amman,Riyadh,2
12 million,Sahel,2
2021,2030,2
Science,the Greenland Ice Sheet,2
2100,80%,2
2030,40%,2
2030,Africa,2
2023,European Union,2
Middle East,the Northern Hemisphere,2
2024,2030,2
July 2023,Middle East,2
2050,Middle East,2
China,European Union,2
July 2023,North Africa,2
2023,CO2,2
July 2023,Southern Europe,2
1970,2 degrees,2
Middle East,Southern Europe,2
2030,Glasgow,2
2030,India,2
2050,Mediterranean,2
Middle East,NASA,2
$1.3 trillion,2022,2
$1.3 trillion,2030,2
Hawaii,NOAA,2
2023,80%,2
2021,2022,2
$1.3 trillion,2021,2
20%,2050,2
2050,Saudi Arabia,2
Baghdad,Riyadh,2
Red Sea,the Gulf of Aqaba,2
1.5 degrees,2030,2
$375 billion,1.5 degrees,1
1.5 degrees,1970,1
1.5 degrees,2 degrees,1
1.5 degrees,50%,1
1.5 degrees,70-90%,1
1.5 degrees,Caribbean,1
1.5 degrees,approximately 500 million,1
$1.27 trillion,1.5 degrees,1
$8.1 trillion,1.5 degrees,1
1.5 degrees,2021-2022,1
1.5 degrees,2023,1
1.5 degrees,63%,1
1.5 degrees,IPCC,1
1.5 degrees,The Global Landscape of Climate Finance,1
1.5 degrees,only 6%,1
1.5 degrees,the Climate Policy Initiative,1
2030,Antonio Guterres,1
2030,COP,1
2030,March 2023,1
2030,Sixth Assessment Report,1
190,2030,1
2030,Dubai,1
2030,two weeks,1
2030,31%,1
2030,European Union,1
2030,National Climate Change Policy,1
2030,The Ministry of Environment,1
2030,UNDP,1
"2,400 megawatts",2030,1
200-megawatt,2030,1
2030,29%,1
2030,January 2024,1
2030,Mafraq,1
2030,The Kingdom of Jordan,1
2030,"approximately 110,000",1
2030,the European Bank for Reconstruction and Development,1
2030,"25,000",1
2030,"300,000",1
2030,Amman,1
2030,Climate Action Plan,1
11,2030,1
2030,250 million,1
2030,3.2,1
2030,Sahel,1
2030,The African Development Bank's,1
2030,rural health clinics,1
2005,2030,1
2030,2070,1
2030,Narendra Modi,1
2030,Nationally Determined Contribution,1
2030,November 2021,1
$4 trillion,2030,1
2030,Fatih Birol,1
2030,IEA,1
2030,Net Zero,1
2030,The International Energy Agency's,1
$500 billion,2030,1
"2,600-megawatt",2030,1
2030,278 million tonnes,1
2030,50 billion,1
2030,Green Initiative,1
2030,Middle East Green Initiative,1
2030,Saudi,1
2030,Saudi Arabia's,1
2030,Sudair,1
2030,Vision 2030,1
$2.5 billion,2030,1
2030,52%,1
2030,580 megawatts,1
2030,"760,000 tonnes",1
2030,CO2,1
2030,Europe,1
2030,Morocco,1
2030,Noor-Ouarzazate,1
2030,Sahara,1
2030,one,1
2030,up to 7 hours,1
2.0 degrees,2030,1
2.5,2030,1
2.9 degrees,2030,1
2019,2030,1
2030,2035,1
2030,2100,1
2030,42%,1
2030,57%,1
2030,Emissions Gap Report,1
2030,Paris Agreement,1
$2.4 trillion,2030,1
12%,2030,1
2030,35 degrees,1
2030,South Asia,1
2030,The Lancet Planetary Health,1
2030,months,1
$50 billion,2030,1
100,2030,1
2030,October 2023,1
2030,approximately $100 billion,1
2030,only 3.8%,1
2030,the African Group of Negotiators,1
0.3 degrees,2030,1
2030,Global Methane Assessment,1
2030,The United Nations Environment Programme,1
2030,mid-century,1
20%,2030,1
2008,2030,1
2030,2040,1
2030,70%,1
2030,July 2023,1
2030,The International Maritime Organization,1
2030,approximately 3%,1
1 billion,2030,1
2030,32%,1
2030,approximately 70%,1
2030,"over 12,500",1
1 trillion,2030,1
2 billion,2030,1
2030,36 billion,1
2030,4.5 billion,1
2030,500 million,1
2030,58%,1
2030,Poland,1
2030,Spain,1
2030,The European Investment Bank,1
2030,the North Sea,1
2030,"5,000 megawatts",1
2030,863 megawatts,1
2030,95%,1
2030,Kenya,1
2030,Olkaria,1
2030,the African Union,1
2030,the Great Rift Valley,1
2030,the Japan International Cooperation Agency,1
2-3%,2030,1
2030,21%,1
2030,75-90%,1
2030,Working Group III,1
2030,zero,1
2030,80 million,1
2030,June 2024,1
2030,Qatar,1
2030,Saudi Arabia,1
2030,The International Labour Organization,1
2030,summer hours,1
2030,28%,1
2030,6 million,1
2030,Hussein Bin Talal,1
2030,The United Nations Industrial Development Organization,1
0.038,2030,1
"14,000 acres",2030,1
"2,245 megawatts",2030,1
2030,280,1
2030,National Solar Mission,1
2030,Rajasthan,1
2030,The Bhadla Solar Park,1
0.2 degrees Celsius,2030,1
2020,2030,1
2030,30%,1
2030,The Global Methane Pledge,1
2030,over 150,1
$1.27 trillion,2030,1
$8.1 trillion,2030,1
2021-2022,2030,1
2030,63%,1
2030,94%,1
2030,The Global Landscape of Climate Finance,1
2030,only 6%,1
2030,the Climate Policy Initiative,1
Antonio Guterres,COP,1
Antonio Guterres,IPCC,1
Antonio Guterres,March 2023,1
Antonio Guterres,Sixth Assessment Report,1
COP,IPCC,1
COP,March 2023,1
COP,Sixth Assessment Report,1
IPCC,March 2023,1
IPCC,Sixth Assessment Report,1
2-3%,IPCC,1
21%,IPCC,1
75-90%,IPCC,1
IPCC,Working Group III,1
IPCC,zero,1
March 2023,Sixth Assessment Report,1
190,Dubai,1
190,United Arab Emirates,1
190,two weeks,1
Dubai,United Arab Emirates,1
Dubai,two weeks,1
40%,Dubai,1
60-80%,Dubai,1
Dubai,Middle Eastern,1
Dubai,Sustainable City,1
Dubai,over 30%,1
Dubai,summer,1
United Arab Emirates,two weeks,1
$100 million,United Arab Emirates,1
$75 million,United Arab Emirates,1
$792 million,United Arab Emirates,1
COP27,United Arab Emirates,1
Germany,United Arab Emirates,1
Sharm el-Sheikh,United Arab Emirates,1
United Arab Emirates,United Kingdom,1
United Arab Emirates,the estimated $400 billion,1
80 million,United Arab Emirates,1
Jordan,United Arab Emirates,1
June 2024,United Arab Emirates,1
Middle East,United Arab Emirates,1
Qatar,United Arab Emirates,1
Saudi Arabia,United Arab Emirates,1
The International Labour Organization,United Arab Emirates,1
United Arab Emirates,summer hours,1
$12.5 billion,Ajay Banga,1
$12.5 billion,June 2024,1
$12.5 billion,South Asia,1
$12.5 billion,Sub-Saharan Africa,1
$12.5 billion,World Bank,1
Ajay Banga,June 2024,1
Ajay Banga,South Asia,1
Ajay Banga,Sub-Saharan Africa,1
Ajay Banga,World Bank,1
June 2024,South Asia,1
June 2024,Sub-Saharan Africa,1
June 2024,World Bank,1
February 2025,June 2024,1
June 2024,Paris Agreement,1
June 2024,Simon Stiell,1
June 2024,UNFCCC,1
June 2024,the Bonn Climate Change Conference,1
80 million,June 2024,1
Jordan,June 2024,1
June 2024,Middle East,1
June 2024,Qatar,1
June 2024,Saudi Arabia,1
June 2024,The International Labour Organization,1
June 2024,summer hours,1
South Asia,World Bank,1
10-25%,South Asia,1
1961,South Asia,1
2 degrees,South Asia,1
21%,South Asia,1
3.3 to 3.6 billion,South Asia,1
South Asia,The IPCC Working Group II,1
2050,South Asia,1
68%,South Asia,1
South Asia,The Lancet Countdown on Health and Climate Change,1
South Asia,The World Health Organization,1
South Asia,"approximately 250,000",1
South Asia,between 2000 and 2022,1
South Asia,between 2030,1
$2.4 trillion,South Asia,1
12%,South Asia,1
35 degrees,South Asia,1
40%,South Asia,1
Jordan,South Asia,1
South Asia,The Lancet Planetary Health,1
South Asia,months,1
2024 heatwave season,South Asia,1
Amman,South Asia,1
Baghdad,South Asia,1
El Nino,South Asia,1
Riyadh,South Asia,1
South Asia,The Global Heat Health Information Network,1
South Asia,hours,1
South Asia,the Northern Hemisphere,1
Sub-Saharan Africa,World Bank,1
10-25%,Sub-Saharan Africa,1
1961,Sub-Saharan Africa,1
2 degrees,Sub-Saharan Africa,1
21%,Sub-Saharan Africa,1
3.3 to 3.6 billion,Sub-Saharan Africa,1
Sub-Saharan Africa,The IPCC Working Group II,1
"12,000",World Bank,1
2020,World Bank,1
400-kilometer,World Bank,1
FAO,World Bank,1
Great Green Wall,World Bank,1
Kenya,World Bank,1
World Bank,over 15 million,1
$10 billion,World Bank,1
2024,World Bank,1
300 million cubic meters,World Bank,1
400-meter,World Bank,1
800 megawatts,World Bank,1
Dead Sea,World Bank,1
Israel,World Bank,1
World Bank,the Palestinian Authority,1
World Bank,the Red Sea,1
$1.8 billion,World Bank,1
2023-2040,World Bank,1
25%,World Bank,1
40%,World Bank,1
400 million cubic meters,World Bank,1
German,World Bank,1
KfW,World Bank,1
Ministry of Water and Irrigation,World Bank,1
USAID,World Bank,1
World Bank,the National Water Strategy,1
2022,31%,1
2022,Jordan,1
2022,National Climate Change Policy,1
2022,The Ministry of Environment,1
2022,UNDP,1
$4 billion,2022,1
2022,735 million,1
2022,FAO,1
2022,Qu Dongyu,1
2022,State of Food and Agriculture 2023,1
2022,Alaska,1
2022,Siberia,1
2022,approximately 600 million tonnes,1
2022,"roughly 1,500 billion tonnes",1
2022,the National Academy of Sciences,1
$500 million,2022,1
2022,48%,1
2022,Amazon,1
2022,August 2023,1
2022,Brazil,1
2022,Germany,1
2022,IBAMA,1
2022,Lula da Silva,1
2022,Ministry of Environment and Climate Change,1
2022,Norway,1
2022,the Amazon Fund,1
2022,the first seven months,1
$4 trillion,2022,1
2022,2050,1
2022,Fatih Birol,1
2022,IEA,1
2022,Net Zero,1
2022,The International Energy Agency's,1
0.5%,2022,1
1.0%,2022,1
1.1%,2022,1
1.5%,2022,1
15.5 billion tonnes,2022,1
2022,2023,1
2022,36.8 billion tonnes,1
2022,7.4%,1
2022,China,1
2022,India,1
$7 trillion,2022,1
2022,7.1%,1
2022,IMF,1
2022,OECD,1
31%,European Union,1
31%,Jordan,1
31%,National Climate Change Policy,1
31%,The Ministry of Environment,1
31%,UNDP,1
European Union,National Climate Change Policy,1
European Union,The Ministry of Environment,1
European Union,UNDP,1
Carbon Border Adjustment Mechanism,European Union,1
European Union,January 2026,1
European Union,October 2023,1
European Union,The European Union's,1
0.5%,European Union,1
1.0%,European Union,1
1.1%,European Union,1
1.5%,European Union,1
15.5 billion tonnes,European Union,1
36.8 billion tonnes,European Union,1
7.4%,European Union,1
CO2,European Union,1
European Union,India,1
$2.2 trillion,European Union,1
$250 million,European Union,1
$575 billion,European Union,1
European Union,the United States,1
European Union,the end of 2023,1
Jordan,National Climate Change Policy,1
Jordan,The Ministry of Environment,1
Jordan,UNDP,1
$1.2 billion,Jordan,1
$12 billion,Jordan,1
$150 million,Jordan,1
$45 million,Jordan,1
$90 million,Jordan,1
Bangladesh,Jordan,1
Green Climate Fund,Jordan,1
Jordan,October 2023,1
Jordan,Songdo,1
Jordan,South Korea,1
Jordan,the Congo Basin,1
1960,Jordan,1
"7,000",Jordan,1
Jordan,The Dead Sea,1
Jordan,approximately one-third,1
Jordan,more than 1 meter,1
Jordan,the Jordan River,1
Jordan,the West Bank,1
500 cubic meters,Jordan,1
Jordan,approximately 80 cubic meters,1
$990 million,Jordan,1
100 million cubic meters,Jordan,1
2013,Jordan,1
Aqaba,Jordan,1
Disi,Jordan,1
Disi Water Conveyance Project,Jordan,1
"2,400 megawatts",Jordan,1
200-megawatt,Jordan,1
29%,Jordan,1
50%,Jordan,1
January 2024,Jordan,1
Jordan,Mafraq,1
Jordan,The Kingdom of Jordan,1
Jordan,"approximately 110,000",1
Jordan,the European Bank for Reconstruction and Development,1
$50 million,Jordan,1
December 2023,Jordan,1
Jordan,the Central Bank of Jordan,1
Jordan,the Renewable Energy and Energy Efficiency Law,1
1.2 million,Jordan,1
26.4 million,Jordan,1
Jordan,Lebanon,1
Jordan,Levant,1
Jordan,Libya,1
Jordan,North Africa,1
Jordan,Turkey,1
Jordan,the Internal Displacement Monitoring Centre,1
$10 billion,Jordan,1
2024,Jordan,1
300 million cubic meters,Jordan,1
400-meter,Jordan,1
800 megawatts,Jordan,1
Dead Sea,Jordan,1
Jordan,the Palestinian Authority,1
Jordan,the Red Sea,1
$2.4 trillion,Jordan,1
12%,Jordan,1
35 degrees,Jordan,1
Jordan,The Lancet Planetary Health,1
Jordan,months,1
117 megawatts,Jordan,1
2050,Jordan,1
38,Jordan,1
5-15%,Jordan,1
Al Tafila,Jordan,1
Jordan,"approximately 80,000",1
$5.5 million,Jordan,1
12.9-megawatt,Jordan,1
14 hours,Jordan,1
2017,Jordan,1
Azraq,Jordan,1
IKEA Foundation,Jordan,1
Jordan,Syrian,1
Jordan,"approximately 43,000",1
Jordan,only 8 hours,1
$1.8 billion,Jordan,1
2023-2040,Jordan,1
25%,Jordan,1
400 million cubic meters,Jordan,1
German,Jordan,1
Jordan,KfW,1
Jordan,Ministry of Water and Irrigation,1
Jordan,USAID,1
Jordan,the National Water Strategy,1
1.3 billion cubic meters,Jordan,1
93%,Jordan,1
Friends of the Earth Middle East,Jordan,1
Jordan,Syria,1
Jordan,The Jordan River,1
Jordan,less than 100 million cubic meters,1
4-5 degrees,Jordan,1
Jordan,Science Advances,1
20-megawatt,Jordan,1
8 million cubic meters,Jordan,1
Jordan,the King Talal Dam reservoir,1
Jordan,up to 90%,1
$12 million,Jordan,1
45,Jordan,1
Jordan,March 2024,1
Jordan,an estimated 22%,1
Jordan,the 2024 winter season,1
Jordan,the European Space Agency,1
$2.2 trillion,Jordan,1
$250 million,Jordan,1
$575 billion,Jordan,1
China,Jordan,1
Jordan,the United States,1
Jordan,the end of 2023,1
23,Jordan,1
Indo-Pacific,Jordan,1
Jordan,the Aqaba Marine Science Station,1
Jordan,the University of Jordan,1
7.8 cubic kilometers,Jordan,1
Arabian,Jordan,1
ESA,Jordan,1
GRACE-FO,Jordan,1
Iraq,Jordan,1
Jordan,NASA,1
Jordan,Sentinel,1
80 million,Jordan,1
Jordan,Qatar,1
Jordan,The International Labour Organization,1
Jordan,summer hours,1
10 million cubic meters,Jordan,1
"3,000",Jordan,1
4 years,Jordan,1
Jordan,The Royal Scientific Society,1
Jordan,rainwater harvesting,1
28%,Jordan,1
6 million,Jordan,1
Hussein Bin Talal,Jordan,1
Jordan,The United Nations Industrial Development Organization,1
Jordan,The Blue Carbon Initiative,1
Jordan,The Gulf of Aqaba's,1
Jordan,"an estimated 1,800",1
Jordan,approximately 400 hectares,1
Jordan,up to 10,1
National Climate Change Policy,The Ministry of Environment,1
National Climate Change Policy,UNDP,1
The Ministry of Environment,UNDP,1
February 2025,Paris Agreement,1
February 2025,Simon Stiell,1
February 2025,UNFCCC,1
February 2025,the Bonn Climate Change Conference,1
Paris Agreement,Simon Stiell,1
Paris Agreement,UNFCCC,1
Paris Agreement,the Bonn Climate Change Conference,1
New York,Paris Agreement,1
Paris Agreement,September 2023,1
Paris Agreement,the Climate Ambition Summit,1
Paris Agreement,the United Nations General Assembly,1
California,Paris Agreement,1
Change Xie Zhenhua,Paris Agreement,1
John Kerry,Paris Agreement,1
November 2023,Paris Agreement,1
Paris Agreement,Sunnylands,1
Paris Agreement,United States,1
2.0 degrees,Paris Agreement,1
2.5,Paris Agreement,1
2.9 degrees,Paris Agreement,1
2019,Paris Agreement,1
2023,Paris Agreement,1
2035,Paris Agreement,1
42%,Paris Agreement,1
57%,Paris Agreement,1
Emissions Gap Report,Paris Agreement,1
Paris Agreement,UNEP,1
2.4-2.6 degrees,Paris Agreement,1
Paris Agreement,The Global Stocktake at COP28,1
Paris Agreement,non-CO2,1
1.5-degree,Paris Agreement,1
G20,Paris Agreement,1
India,Paris Agreement,1
Paris Agreement,Russia,1
Paris Agreement,only 6,1
Paris Agreement,the United States,1
Simon Stiell,UNFCCC,1
Simon Stiell,the Bonn Climate Change Conference,1
UNFCCC,the Bonn Climate Change Conference,1
Carbon Border Adjustment Mechanism,January 2026,1
Carbon Border Adjustment Mechanism,October 2023,1
Carbon Border Adjustment Mechanism,The European Union's,1
January 2026,October 2023,1
January 2026,The European Union's,1
October 2023,The European Union's,1
$1.2 billion,October 2023,1
$12 billion,October 2023,1
$150 million,October 2023,1
$45 million,October 2023,1
$90 million,October 2023,1
Bangladesh,October 2023,1
Green Climate Fund,October 2023,1
October 2023,Songdo,1
October 2023,South Korea,1
October 2023,the Congo Basin,1
1990,October 2023,1
23 billion dollar,October 2023,1
GLOF,October 2023,1
Himalayas,October 2023,1
Hindu,October 2023,1
India,October 2023,1
Kush Himalaya,October 2023,1
October 2023,Sikkim,1
October 2023,Teesta III,1
October 2023,less than a year,1
October 2023,over 40,1
October 2023,"over 5,000",1
$1.3 trillion,October 2023,1
$50 billion,October 2023,1
100,October 2023,1
Africa,October 2023,1
October 2023,approximately $100 billion,1
October 2023,only 3.8%,1
October 2023,the African Group of Negotiators,1
New York,September 2023,1
New York,the Climate Ambition Summit,1
New York,the United Nations General Assembly,1
September 2023,the Climate Ambition Summit,1
September 2023,the United Nations General Assembly,1
Arctic,September 2023,1
Arctic sea,September 2023,1
Boulder,September 2023,1
Colorado,September 2023,1
September 2023,sixth,1
September 2023,the National Snow and Ice Data Center,1
September 2023,the last 15 years,1
1.5 degree,September 2023,1
Science,September 2023,1
September 2023,the Atlantic Meridional Overturning Circulation,1
September 2023,the Greenland Ice Sheet,1
September 2023,the Potsdam Institute for Climate Impact Research,1
September 2023,the West Antarctic Ice Sheet,1
0.5 degrees,September 2023,1
1.75 degrees,September 2023,1
Antarctic sea,September 2023,1
Carlo Buontempo,September 2023,1
Copernicus,September 2023,1
Copernicus Climate Change Service,September 2023,1
El Nino,September 2023,1
Saharan,September 2023,1
September 2023,The European Space Agency's,1
24 hours,September 2023,1
270,September 2023,1
"40,000",September 2023,1
414 millimeters,September 2023,1
50%,September 2023,1
Derna,September 2023,1
Flash,September 2023,1
Libya,September 2023,1
September 2023,Storm Daniel,1
September 2023,"over 11,000",1
the Climate Ambition Summit,the United Nations General Assembly,1
$4 billion,735 million,1
$4 billion,FAO,1
$4 billion,Qu Dongyu,1
$4 billion,State of Food and Agriculture 2023,1
735 million,FAO,1
735 million,Qu Dongyu,1
735 million,State of Food and Agriculture 2023,1
FAO,Qu Dongyu,1
FAO,State of Food and Agriculture 2023,1
"12,000",FAO,1
2020,FAO,1
400-kilometer,FAO,1
FAO,Great Green Wall,1
FAO,Kenya,1
FAO,over 15 million,1
"130,000",FAO,1
2024,FAO,1
2025,FAO,1
"600,000",FAO,1
FAO,Indonesia,1
FAO,the Asian Development Bank,1
"10,000",FAO,1
15-30%,FAO,1
2026,FAO,1
40%,FAO,1
FAO,the Jordan Valley,1
FAO,the Jordanian Ministry of Agriculture,1
Qu Dongyu,State of Food and Agriculture 2023,1
$1.2 billion,$12 billion,1
$1.2 billion,$150 million,1
$1.2 billion,$45 million,1
$1.2 billion,$90 million,1
$1.2 billion,Bangladesh,1
$1.2 billion,Green Climate Fund,1
$1.2 billion,Songdo,1
$1.2 billion,South Korea,1
$1.2 billion,the Congo Basin,1
$12 billion,$150 million,1
$12 billion,$45 million,1
$12 billion,$90 million,1
$12 billion,Bangladesh,1
$12 billion,Green Climate Fund,1
$12 billion,Songdo,1
$12 billion,South Korea,1
$12 billion,the Congo Basin,1
$150 million,$45 million,1
$150 million,$90 million,1
$150 million,Bangladesh,1
$150 million,Green Climate Fund,1
$150 million,Songdo,1
$150 million,South Korea,1
$150 million,the Congo Basin,1
$45 million,$90 million,1
$45 million,Bangladesh,1
$45 million,Green Climate Fund,1
$45 million,Songdo,1
$45 million,South Korea,1
$45 million,the Congo Basin,1
$90 million,Bangladesh,1
$90 million,Green Climate Fund,1
$90 million,Songdo,1
$90 million,South Korea,1
$90 million,the Congo Basin,1
Bangladesh,Green Climate Fund,1
Bangladesh,Songdo,1
Bangladesh,South Korea,1
Bangladesh,the Congo Basin,1
1972,Bangladesh,1
35 million,Bangladesh,1
"4,000",Bangladesh,1
"76,000",Bangladesh,1
Bangladesh,Red Cross,1
Bangladesh,one,1
Bangladesh,over 99%,1
Bangladesh,Kenya,1
Bangladesh,Pacific Island,1
Bangladesh,The Climate Justice Alliance,1
Bangladesh,The Global Adaptation Finance Tracker,1
Bangladesh,only 7%,1
Green Climate Fund,Songdo,1
Green Climate Fund,South Korea,1
Green Climate Fund,the Congo Basin,1
Songdo,South Korea,1
Songdo,the Congo Basin,1
South Korea,the Congo Basin,1
California,Change Xie Zhenhua,1
California,China,1
California,John Kerry,1
California,November 2023,1
California,Sunnylands,1
California,United States,1
Change Xie Zhenhua,China,1
Change Xie Zhenhua,John Kerry,1
Change Xie Zhenhua,November 2023,1
Change Xie Zhenhua,Sunnylands,1
Change Xie Zhenhua,United States,1
China,John Kerry,1
China,November 2023,1
China,Sunnylands,1
China,United States,1
0.5%,China,1
1.0%,China,1
1.1%,China,1
1.5%,China,1
15.5 billion tonnes,China,1
36.8 billion tonnes,China,1
7.4%,China,1
CO2,China,1
$2.2 trillion,China,1
$250 million,China,1
$575 billion,China,1
China,the end of 2023,1
1.5-degree,China,1
China,G20,1
China,Russia,1
China,only 6,1
John Kerry,November 2023,1
John Kerry,Sunnylands,1
John Kerry,United States,1
November 2023,Sunnylands,1
November 2023,United States,1
Sunnylands,United States,1
1950,United States,1
AMOC,United States,1
East Coast,United States,1
Nature Geoscience,United States,1
Northern Europe,United States,1
United States,approximately 15%,1
United States,the Atlantic Meridional Overturning Circulation,1
United States,the Max Planck Institute for Meteorology,1
United States,the North Atlantic,1
1.48 degrees Celsius,1850-1900,1
1.48 degrees Celsius,2023,1
1.48 degrees Celsius,El Nino,1
1.48 degrees Celsius,Goddard Institute for Space Studies,1
1.48 degrees Celsius,July 2023,1
1.48 degrees Celsius,Middle East,1
1.48 degrees Celsius,NASA,1
1.48 degrees Celsius,North Africa,1
1.48 degrees Celsius,Southern Europe,1
1.48 degrees Celsius,mid-2023,1
1.48 degrees Celsius,the hottest month,1
1.48 degrees Celsius,the warmest year,1
1850-1900,2023,1
1850-1900,El Nino,1
1850-1900,Goddard Institute for Space Studies,1
1850-1900,July 2023,1
1850-1900,Middle East,1
1850-1900,NASA,1
1850-1900,North Africa,1
1850-1900,Southern Europe,1
1850-1900,mid-2023,1
1850-1900,the hottest month,1
1850-1900,the warmest year,1
2023,El Nino,1
2023,Goddard Institute for Space Studies,1
2023,July 2023,1
2023,NASA,1
2023,Southern Europe,1
2023,mid-2023,1
2023,the hottest month,1
2023,the warmest year,1
1993,2023,1
2023,4.5 millimeters,1
2023,Celeste Saulo,1
2023,The World Meteorological Organization,1
2023,WMO,1
2023,approximately 40%,1
2023,decades,1
2023,Australia,1
2023,Kiribati,1
2023,Pacific Island,1
2023,Tuvalu,1
2023,just 2 meters,1
2023,the Marshall Islands',1
2023,up to 280,1
2023,up to 50%,1
18 separate days,2023,1
1970,2023,1
2.1 degrees,2023,1
2018-2022,2023,1
2023,35%,1
2023,40 degrees,1
2023,Amman,1
2023,August,1
2023,The Jordanian Department of Meteorology,1
2023,summer,1
12 million,2023,1
2023,45 million,1
2023,Africa,1
2023,Burkina Faso,1
2023,Chad,1
2023,Mali,1
2023,Niger,1
2023,Sahel,1
2023,The World Food Programme,1
2023,a decade,1
2023,millions,1
"2,400 megawatts",2023,1
200-megawatt,2023,1
2023,29%,1
2023,50%,1
2023,January 2024,1
2023,Mafraq,1
2023,The Kingdom of Jordan,1
2023,"approximately 110,000",1
2023,the European Bank for Reconstruction and Development,1
$387 billion,2023,1
10 to 18,2023,1
2021,2023,1
2023,215,1
2023,Adaptation Gap Report,1
2023,Only $21 billion,1
2023,2025,1
2023,2050,1
2023,"60,000",1
2023,98%,1
2023,99.5%,1
2023,Costa Rica,1
2023,Costa Rica's,1
2023,National Decarbonization Plan,1
2023,nine consecutive years,1
0.5%,2023,1
1.0%,2023,1
1.1%,2023,1
1.5%,2023,1
15.5 billion tonnes,2023,1
2023,36.8 billion tonnes,1
2023,7.4%,1
2023,India,1
"1,923",2023,1
2023,722,1
2023,March 2024,1
2023,more than 2.5,1
$92.9 billion,2023,1
100,2023,1
2023,28,1
2023,Hawaii,1
2023,Lahaina,1
2023,NOAA,1
2023,billion-dollar,1
1.2 million,2023,1
2023,26.4 million,1
2023,Lebanon,1
2023,Levant,1
2023,Libya,1
2023,Turkey,1
2023,UNHCR,1
2023,the Internal Displacement Monitoring Centre,1
$2 billion,2023,1
2023,2027,1
2023,3-degree,1
2023,Medina al-Munawwarah,1
2023,Saudi Arabia's,1
2.0 degrees,2023,1
2.5,2023,1
2.9 degrees,2023,1
2019,2023,1
2023,2035,1
2023,42%,1
2023,57%,1
2023,Emissions Gap Report,1
0.3 degrees,2023,1
2023,45%,1
2023,Global Methane Assessment,1
2023,The United Nations Environment Programme,1
2023,mid-century,1
2023,22.8 million,1
2023,3.7 million,1
2023,Bolivia,1
2023,Brazil,1
2023,The World Resources Institute,1
2023,every 5 seconds,1
2023,the Democratic Republic of Congo,1
1 trillion,2023,1
2 billion,2023,1
2023,36 billion,1
2023,4.5 billion,1
2023,500 million,1
2023,58%,1
2023,Poland,1
2023,Spain,1
2023,The European Investment Bank,1
2023,the North Sea,1
10%,2023,1
1900,2023,1
2023,3 kilometers,1
2023,Alps,1
2023,Swiss,1
2023,The Aletsch Glacier,1
2023,The World Glacier Monitoring Service,1
2023,over 1 meter,1
2023,the past two years,1
$2.2 trillion,2023,1
$250 million,2023,1
$575 billion,2023,1
2023,the end of 2023,1
0.033,2023,1
0.049,2023,1
2010,2023,1
2023,89%,1
2023,The International Renewable Energy Agency,1
$1.27 trillion,2023,1
$8.1 trillion,2023,1
2021-2022,2023,1
2023,63%,1
2023,94%,1
2023,The Global Landscape of Climate Finance,1
2023,only 6%,1
2023,the Climate Policy Initiative,1
El Nino,Goddard Institute for Space Studies,1
El Nino,July 2023,1
El Nino,NASA,1
El Nino,North Africa,1
El Nino,Southern Europe,1
El Nino,mid-2023,1
El Nino,the hottest month,1
El Nino,the warmest year,1
0.5 degrees,El Nino,1
1.75 degrees,El Nino,1
Antarctic sea,El Nino,1
Carlo Buontempo,El Nino,1
Copernicus,El Nino,1
Copernicus Climate Change Service,El Nino,1
El Nino,Saharan,1
El Nino,The European Space Agency's,1
2024 heatwave season,El Nino,1
Amman,El Nino,1
Baghdad,El Nino,1
El Nino,Riyadh,1
El Nino,The Global Heat Health Information Network,1
El Nino,hours,1
El Nino,the Northern Hemisphere,1
Goddard Institute for Space Studies,July 2023,1
Goddard Institute for Space Studies,Middle East,1
Goddard Institute for Space Studies,NASA,1
Goddard Institute for Space Studies,North Africa,1
Goddard Institute for Space Studies,Southern Europe,1
Goddard Institute for Space Studies,mid-2023,1
Goddard Institute for Space Studies,the hottest month,1
Goddard Institute for Space Studies,the warmest year,1
July 2023,NASA,1
July 2023,mid-2023,1
July 2023,the hottest month,1
July 2023,the warmest year,1
2023 summer,July 2023,1
31 consecutive days,July 2023,1
43 degrees,July 2023,1
Arizona,July 2023,1
ETH Zurich,July 2023,1
July 2023,Nature,1
July 2023,Phoenix,1
July 2023,The World Weather Attribution,1
July 2023,approximately 2.5 degrees,1
July 2023,the Northern Hemisphere,1
20%,July 2023,1
2008,July 2023,1
2040,July 2023,1
2050,July 2023,1
50%,July 2023,1
70%,July 2023,1
July 2023,The International Maritime Organization,1
July 2023,approximately 3%,1
Middle East,mid-2023,1
Middle East,the hottest month,1
Middle East,the warmest year,1
2023 summer,Middle East,1
31 consecutive days,Middle East,1
43 degrees,Middle East,1
Arizona,Middle East,1
ETH Zurich,Middle East,1
Middle East,Nature,1
Middle East,Phoenix,1
Middle East,The World Weather Attribution,1
Middle East,approximately 2.5 degrees,1
68%,Middle East,1
Middle East,The Lancet Countdown on Health and Climate Change,1
Middle East,The World Health Organization,1
Middle East,"approximately 250,000",1
Middle East,between 2000 and 2022,1
Middle East,between 2030,1
1.2 million,Middle East,1
26.4 million,Middle East,1
Lebanon,Middle East,1
Levant,Middle East,1
Libya,Middle East,1
Middle East,Turkey,1
Middle East,UNHCR,1
Middle East,the Internal Displacement Monitoring Centre,1
$2.4 trillion,Middle East,1
12%,Middle East,1
35 degrees,Middle East,1
40%,Middle East,1
Middle East,The Lancet Planetary Health,1
Middle East,months,1
10-20%,Middle East,1
1900,Middle East,1
1960,Middle East,1
20%,Middle East,1
3.5,Middle East,1
Earth,Middle East,1
Middle East,the Eastern Mediterranean,1
Middle East,winter,1
85%,Middle East,1
CRISPR,Middle East,1
Middle East,Tabuk,1
Middle East,the King Abdullah University of Science and Technology,1
2024 heatwave season,Middle East,1
Amman,Middle East,1
Baghdad,Middle East,1
Middle East,Riyadh,1
Middle East,The Global Heat Health Information Network,1
Middle East,hours,1
0.033,Middle East,1
0.049,Middle East,1
2010,Middle East,1
80%,Middle East,1
89%,Middle East,1
Middle East,The International Renewable Energy Agency,1
7.8 cubic kilometers,Middle East,1
Arabian,Middle East,1
ESA,Middle East,1
GRACE-FO,Middle East,1
Iraq,Middle East,1
Middle East,Sentinel,1
80 million,Middle East,1
Middle East,Qatar,1
Middle East,The International Labour Organization,1
Middle East,summer hours,1
NASA,North Africa,1
NASA,Southern Europe,1
NASA,mid-2023,1
NASA,the hottest month,1
NASA,the warmest year,1
12th,NASA,1
1979,NASA,1
26.0 million square kilometers,NASA,1
Antarctic,NASA,1
Antarctica,NASA,1
NASA,NOAA,1
NASA,"September 21, 2023",1
NASA,approximately 2066,1
NASA,the Montreal Protocol,1
7.8 cubic kilometers,NASA,1
Arabian,NASA,1
ESA,NASA,1
GRACE-FO,NASA,1
Iraq,NASA,1
NASA,Saudi Arabia,1
NASA,Sentinel,1
North Africa,mid-2023,1
North Africa,the hottest month,1
North Africa,the warmest year,1
2023 summer,North Africa,1
31 consecutive days,North Africa,1
43 degrees,North Africa,1
Arizona,North Africa,1
ETH Zurich,North Africa,1
Nature,North Africa,1
North Africa,Phoenix,1
North Africa,The World Weather Attribution,1
North Africa,approximately 2.5 degrees,1
North Africa,the Northern Hemisphere,1
1.2 million,North Africa,1
26.4 million,North Africa,1
Lebanon,North Africa,1
Levant,North Africa,1
Libya,North Africa,1
North Africa,Turkey,1
North Africa,UNHCR,1
North Africa,the Internal Displacement Monitoring Centre,1
0.033,North Africa,1
0.049,North Africa,1
2010,North Africa,1
80%,North Africa,1
89%,North Africa,1
North Africa,The International Renewable Energy Agency,1
Southern Europe,mid-2023,1
Southern Europe,the hottest month,1
Southern Europe,the warmest year,1
2000,Southern Europe,1
25%,Southern Europe,1
March 2024,Southern Europe,1
Mediterranean,Southern Europe,1
Scandinavia,Southern Europe,1
Southern Europe,the African Union's Climate Research Centre,1
Southern Europe,up to 30%,1
2023 summer,Southern Europe,1
31 consecutive days,Southern Europe,1
43 degrees,Southern Europe,1
Arizona,Southern Europe,1
ETH Zurich,Southern Europe,1
Nature,Southern Europe,1
Phoenix,Southern Europe,1
Southern Europe,The World Weather Attribution,1
Southern Europe,approximately 2.5 degrees,1
Southern Europe,the Northern Hemisphere,1
mid-2023,the hottest month,1
mid-2023,the warmest year,1
the hottest month,the warmest year,1
2010,GRACE,1
2010,GRACE-FO,1
2010,January 2024,1
2010,Science,1
2010,approximately 0.7 millimeters,1
2010,approximately 270 billion tonnes,1
2010,between 2006 and 2022,1
2010,the Greenland Ice Sheet,1
0.033,2010,1
0.049,2010,1
2010,80%,1
2010,89%,1
2010,The International Renewable Energy Agency,1
GRACE,GRACE-FO,1
GRACE,January 2024,1
GRACE,Science,1
GRACE,approximately 0.7 millimeters,1
GRACE,approximately 270 billion tonnes,1
GRACE,between 2006 and 2022,1
GRACE,the Greenland Ice Sheet,1
GRACE-FO,January 2024,1
GRACE-FO,Science,1
GRACE-FO,approximately 0.7 millimeters,1
GRACE-FO,approximately 270 billion tonnes,1
GRACE-FO,between 2006 and 2022,1
GRACE-FO,the Greenland Ice Sheet,1
7.8 cubic kilometers,GRACE-FO,1
Arabian,GRACE-FO,1
ESA,GRACE-FO,1
GRACE-FO,Iraq,1
GRACE-FO,Saudi Arabia,1
GRACE-FO,Sentinel,1
January 2024,Science,1
January 2024,approximately 0.7 millimeters,1
January 2024,approximately 270 billion tonnes,1
January 2024,between 2006 and 2022,1
January 2024,the Greenland Ice Sheet,1
"2,400 megawatts",January 2024,1
200-megawatt,January 2024,1
29%,January 2024,1
50%,January 2024,1
January 2024,Mafraq,1
January 2024,The Kingdom of Jordan,1
January 2024,"approximately 110,000",1
January 2024,the European Bank for Reconstruction and Development,1
Science,approximately 0.7 millimeters,1
Science,approximately 270 billion tonnes,1
Science,between 2006 and 2022,1
1.5 degree,Science,1
Science,the Atlantic Meridional Overturning Circulation,1
Science,the Potsdam Institute for Climate Impact Research,1
Science,the West Antarctic Ice Sheet,1
approximately 0.7 millimeters,approximately 270 billion tonnes,1
approximately 0.7 millimeters,between 2006 and 2022,1
approximately 0.7 millimeters,the Greenland Ice Sheet,1
approximately 270 billion tonnes,between 2006 and 2022,1
approximately 270 billion tonnes,the Greenland Ice Sheet,1
between 2006 and 2022,the Greenland Ice Sheet,1
1.5 degree,the Greenland Ice Sheet,1
the Atlantic Meridional Overturning Circulation,the Greenland Ice Sheet,1
the Greenland Ice Sheet,the Potsdam Institute for Climate Impact Research,1
the Greenland Ice Sheet,the West Antarctic Ice Sheet,1
Arctic,Arctic sea,1
Arctic,Boulder,1
Arctic,Colorado,1
Arctic,sixth,1
Arctic,the National Snow and Ice Data Center,1
Arctic,the last 15 years,1
1800,Arctic,1
30%,Arctic,1
8.1,Arctic,1
8.2,Arctic,1
Annual Review of Marine Science,Arctic,1
Arctic,CO2,1
Arctic,the Southern Ocean,1
2050,Arctic,1
40 years,Arctic,1
Arctic,February 2024,1
Arctic,Nature Communications,1
Arctic,September,1
Arctic,a decade earlier,1
Arctic sea,Boulder,1
Arctic sea,Colorado,1
Arctic sea,sixth,1
Arctic sea,the National Snow and Ice Data Center,1
Arctic sea,the last 15 years,1
Boulder,Colorado,1
Boulder,sixth,1
Boulder,the National Snow and Ice Data Center,1
Boulder,the last 15 years,1
Colorado,sixth,1
Colorado,the National Snow and Ice Data Center,1
Colorado,the last 15 years,1
sixth,the National Snow and Ice Data Center,1
sixth,the last 15 years,1
the National Snow and Ice Data Center,the last 15 years,1
14 consecutive days,2 degrees,1
14 consecutive days,400,1
14 consecutive days,75%,1
14 consecutive days,March 2024,1
14 consecutive days,"over 1,500",1
14 consecutive days,seven years,1
14 consecutive days,the Great Barrier Reef Foundation,1
2 degrees,400,1
2 degrees,75%,1
2 degrees,March 2024,1
2 degrees,"over 1,500",1
2 degrees,seven years,1
2 degrees,the Great Barrier Reef Foundation,1
10-25%,2 degrees,1
1961,2 degrees,1
2 degrees,21%,1
2 degrees,3.3 to 3.6 billion,1
2 degrees,The IPCC Working Group II,1
$375 billion,2 degrees,1
2 degrees,50%,1
2 degrees,70-90%,1
2 degrees,Caribbean,1
2 degrees,approximately 500 million,1
1982,2 degrees,1
2 degrees,20 to 50,1
2 degrees,90%,1
2 degrees,Marine,1
2 degrees,The Intergovernmental Panel on Climate Change Special Report,1
400,75%,1
400,March 2024,1
400,"over 1,500",1
400,seven years,1
400,the Great Barrier Reef Foundation,1
75%,March 2024,1
75%,"over 1,500",1
75%,seven years,1
75%,the Great Barrier Reef Foundation,1
March 2024,"over 1,500",1
March 2024,seven years,1
March 2024,the Great Barrier Reef Foundation,1
2000,March 2024,1
25%,March 2024,1
March 2024,Mediterranean,1
March 2024,Scandinavia,1
March 2024,the African Union's Climate Research Centre,1
March 2024,up to 30%,1
"1,923",March 2024,1
722,March 2024,1
CO2,March 2024,1
March 2024,more than 2.5,1
65,March 2024,1
March 2024,"Over 2,300",1
March 2024,Vanuatu,1
March 2024,over 130,1
March 2024,the International Court of Justice,1
$12 million,March 2024,1
45,March 2024,1
March 2024,an estimated 22%,1
March 2024,the 2024 winter season,1
March 2024,the European Space Agency,1
March 2024,the Jordan Valley,1
"over 1,500",seven years,1
"over 1,500",the Great Barrier Reef Foundation,1
seven years,the Great Barrier Reef Foundation,1
1950,AMOC,1
1950,East Coast,1
1950,Nature Geoscience,1
1950,Northern Europe,1
1950,approximately 15%,1
1950,the Atlantic Meridional Overturning Circulation,1
1950,the Max Planck Institute for Meteorology,1
1950,the North Atlantic,1
AMOC,East Coast,1
AMOC,Nature Geoscience,1
AMOC,Northern Europe,1
AMOC,approximately 15%,1
AMOC,the Atlantic Meridional Overturning Circulation,1
AMOC,the Max Planck Institute for Meteorology,1
AMOC,the North Atlantic,1
East Coast,Nature Geoscience,1
East Coast,Northern Europe,1
East Coast,approximately 15%,1
East Coast,the Atlantic Meridional Overturning Circulation,1
East Coast,the Max Planck Institute for Meteorology,1
East Coast,the North Atlantic,1
Nature Geoscience,Northern Europe,1
Nature Geoscience,approximately 15%,1
Nature Geoscience,the Atlantic Meridional Overturning Circulation,1
Nature Geoscience,the Max Planck Institute for Meteorology,1
Nature Geoscience,the North Atlantic,1
Northern Europe,approximately 15%,1
Northern Europe,the Atlantic Meridional Overturning Circulation,1
Northern Europe,the Max Planck Institute for Meteorology,1
Northern Europe,the North Atlantic,1
approximately 15%,the Atlantic Meridional Overturning Circulation,1
approximately 15%,the Max Planck Institute for Meteorology,1
approximately 15%,the North Atlantic,1
the Atlantic Meridional Overturning Circulation,the Max Planck Institute for Meteorology,1
the Atlantic Meridional Overturning Circulation,the North Atlantic,1
1.5 degree,the Atlantic Meridional Overturning Circulation,1
the Atlantic Meridional Overturning Circulation,the Potsdam Institute for Climate Impact Research,1
the Atlantic Meridional Overturning Circulation,the West Antarctic Ice Sheet,1
the Max Planck Institute for Meteorology,the North Atlantic,1
1958,2.8,1
1958,280,1
1958,424.0,1
1958,Atmospheric CO2,1
1958,Hawaii,1
1958,May 2024,1
1958,NOAA,1
1958,approximately 50%,1
1958,the Mauna Loa Observatory,1
1958,the previous year,1
2.8,280,1
2.8,424.0,1
2.8,Atmospheric CO2,1
2.8,Hawaii,1
2.8,May 2024,1
2.8,NOAA,1
2.8,approximately 50%,1
2.8,the Mauna Loa Observatory,1
2.8,the previous year,1
280,424.0,1
280,Atmospheric CO2,1
280,Hawaii,1
280,May 2024,1
280,NOAA,1
280,approximately 50%,1
280,the Mauna Loa Observatory,1
280,the previous year,1
0.038,280,1
"14,000 acres",280,1
"2,245 megawatts",280,1
2024,280,1
280,India,1
280,National Solar Mission,1
280,Rajasthan,1
280,The Bhadla Solar Park,1
424.0,Atmospheric CO2,1
424.0,Hawaii,1
424.0,May 2024,1
424.0,NOAA,1
424.0,approximately 50%,1
424.0,the Mauna Loa Observatory,1
424.0,the previous year,1
Atmospheric CO2,Hawaii,1
Atmospheric CO2,May 2024,1
Atmospheric CO2,NOAA,1
Atmospheric CO2,approximately 50%,1
Atmospheric CO2,the Mauna Loa Observatory,1
Atmospheric CO2,the previous year,1
Hawaii,May 2024,1
Hawaii,approximately 50%,1
Hawaii,the Mauna Loa Observatory,1
Hawaii,the previous year,1
$92.9 billion,Hawaii,1
100,Hawaii,1
28,Hawaii,1
Hawaii,Lahaina,1
Hawaii,billion-dollar,1
Hawaii,the United States,1
May 2024,NOAA,1
May 2024,approximately 50%,1
May 2024,the Mauna Loa Observatory,1
May 2024,the previous year,1
NOAA,approximately 50%,1
NOAA,the Mauna Loa Observatory,1
NOAA,the previous year,1
$92.9 billion,NOAA,1
100,NOAA,1
28,NOAA,1
Lahaina,NOAA,1
NOAA,billion-dollar,1
NOAA,the United States,1
12th,NOAA,1
1979,NOAA,1
26.0 million square kilometers,NOAA,1
Antarctic,NOAA,1
Antarctica,NOAA,1
NOAA,"September 21, 2023",1
NOAA,approximately 2066,1
NOAA,the Montreal Protocol,1
approximately 50%,the Mauna Loa Observatory,1
approximately 50%,the previous year,1
the Mauna Loa Observatory,the previous year,1
1.9 billion,2000-2009,1
1.9 billion,2010-2019,1
1.9 billion,"217,175",1
1.9 billion,227 billion tonnes,1
1.9 billion,298 billion tonnes,1
1.9 billion,Geophysical Research Letters,1
1.9 billion,Himalayan,1
1.9 billion,the University of Leeds,1
1.9 billion,the early 2000s,1
2000-2009,2010-2019,1
2000-2009,"217,175",1
2000-2009,227 billion tonnes,1
2000-2009,298 billion tonnes,1
2000-2009,Geophysical Research Letters,1
2000-2009,Himalayan,1
2000-2009,the University of Leeds,1
2000-2009,the early 2000s,1
2010-2019,"217,175",1
2010-2019,227 billion tonnes,1
2010-2019,298 billion tonnes,1
2010-2019,Geophysical Research Letters,1
2010-2019,Himalayan,1
2010-2019,the University of Leeds,1
2010-2019,the early 2000s,1
"217,175",227 billion tonnes,1
"217,175",298 billion tonnes,1
"217,175",Geophysical Research Letters,1
"217,175",Himalayan,1
"217,175",the University of Leeds,1
"217,175",the early 2000s,1
227 billion tonnes,298 billion tonnes,1
227 billion tonnes,Geophysical Research Letters,1
227 billion tonnes,Himalayan,1
227 billion tonnes,the University of Leeds,1
227 billion tonnes,the early 2000s,1
298 billion tonnes,Geophysical Research Letters,1
298 billion tonnes,Himalayan,1
298 billion tonnes,the University of Leeds,1
298 billion tonnes,the early 2000s,1
Geophysical Research Letters,Himalayan,1
Geophysical Research Letters,the University of Leeds,1
Geophysical Research Letters,the early 2000s,1
Himalayan,the University of Leeds,1
Himalayan,the early 2000s,1
the University of Leeds,the early 2000s,1
1993,4.5 millimeters,1
1993,Celeste Saulo,1
1993,The World Meteorological Organization,1
1993,WMO,1
1993,approximately 40%,1
1993,decades,1
4.5 millimeters,Celeste Saulo,1
4.5 millimeters,The World Meteorological Organization,1
4.5 millimeters,WMO,1
4.5 millimeters,approximately 40%,1
4.5 millimeters,decades,1
Celeste Saulo,The World Meteorological Organization,1
Celeste Saulo,WMO,1
Celeste Saulo,approximately 40%,1
Celeste Saulo,decades,1
The World Meteorological Organization,WMO,1
The World Meteorological Organization,approximately 40%,1
The World Meteorological Organization,decades,1
WMO,approximately 40%,1
WMO,decades,1
approximately 40%,decades,1
Alaska,CO2,1
Alaska,Siberia,1
Alaska,approximately 600 million tonnes,1
Alaska,"roughly 1,500 billion tonnes",1
Alaska,the National Academy of Sciences,1
CO2,Siberia,1
CO2,approximately 600 million tonnes,1
CO2,"roughly 1,500 billion tonnes",1
CO2,the National Academy of Sciences,1
1800,CO2,1
30%,CO2,1
8.1,CO2,1
8.2,CO2,1
Annual Review of Marine Science,CO2,1
CO2,the Southern Ocean,1
0.5%,CO2,1
1.0%,CO2,1
1.1%,CO2,1
1.5%,CO2,1
15.5 billion tonnes,CO2,1
36.8 billion tonnes,CO2,1
7.4%,CO2,1
CO2,India,1
"1,923",CO2,1
722,CO2,1
CO2,more than 2.5,1
$2.5 billion,CO2,1
52%,CO2,1
580 megawatts,CO2,1
"760,000 tonnes",CO2,1
CO2,Europe,1
CO2,Morocco,1
CO2,Noor-Ouarzazate,1
CO2,Sahara,1
CO2,one,1
CO2,up to 7 hours,1
Siberia,approximately 600 million tonnes,1
Siberia,"roughly 1,500 billion tonnes",1
Siberia,the National Academy of Sciences,1
approximately 600 million tonnes,"roughly 1,500 billion tonnes",1
approximately 600 million tonnes,the National Academy of Sciences,1
"roughly 1,500 billion tonnes",the National Academy of Sciences,1
1.5 degree,the Potsdam Institute for Climate Impact Research,1
1.5 degree,the West Antarctic Ice Sheet,1
the Potsdam Institute for Climate Impact Research,the West Antarctic Ice Sheet,1
0.5 degrees,1.75 degrees,1
0.5 degrees,Antarctic sea,1
0.5 degrees,Carlo Buontempo,1
0.5 degrees,Copernicus,1
0.5 degrees,Copernicus Climate Change Service,1
0.5 degrees,Saharan,1
0.5 degrees,The European Space Agency's,1
0.5 degrees,2047,1
0.5 degrees,2100,1
0.5 degrees,80%,1
0.5 degrees,January 2019,1
0.5 degrees,The Kigali Amendment,1
0.5 degrees,UNEP,1
0.5 degrees,the Kigali Amendment,1
0.5 degrees,the Montreal Protocol,1
0.5 degrees,thousands,1
1.75 degrees,Antarctic sea,1
1.75 degrees,Carlo Buontempo,1
1.75 degrees,Copernicus,1
1.75 degrees,Copernicus Climate Change Service,1
1.75 degrees,Saharan,1
1.75 degrees,The European Space Agency's,1
Antarctic sea,Carlo Buontempo,1
Antarctic sea,Copernicus,1
Antarctic sea,Copernicus Climate Change Service,1
Antarctic sea,Saharan,1
Antarctic sea,The European Space Agency's,1
1981-2010,Antarctic sea,1
2.6 million square kilometers,Antarctic sea,1
Antarctic ice,Antarctic sea,1
Antarctic sea,February 2024,1
Antarctic sea,The British Antarctic Survey,1
Antarctic sea,the preceding 12 months,1
Carlo Buontempo,Copernicus,1
Carlo Buontempo,Copernicus Climate Change Service,1
Carlo Buontempo,Saharan,1
Carlo Buontempo,The European Space Agency's,1
Copernicus,Copernicus Climate Change Service,1
Copernicus,Saharan,1
Copernicus,The European Space Agency's,1
Copernicus Climate Change Service,Saharan,1
Copernicus Climate Change Service,The European Space Agency's,1
Saharan,The European Space Agency's,1
1800,30%,1
1800,8.1,1
1800,8.2,1
1800,Annual Review of Marine Science,1
1800,the Southern Ocean,1
30%,8.1,1
30%,8.2,1
30%,Annual Review of Marine Science,1
30%,the Southern Ocean,1
0.2 degrees Celsius,30%,1
2020,30%,1
2050,30%,1
30%,Glasgow,1
30%,The Global Methane Pledge,1
30%,over 150,1
8.1,8.2,1
8.1,Annual Review of Marine Science,1
8.1,the Southern Ocean,1
8.2,Annual Review of Marine Science,1
8.2,the Southern Ocean,1
Annual Review of Marine Science,the Southern Ocean,1
1960,"7,000",1
1960,The Dead Sea,1
1960,approximately one-third,1
1960,more than 1 meter,1
1960,the Jordan River,1
1960,the West Bank,1
10-20%,1960,1
1900,1960,1
1960,20%,1
1960,2050,1
1960,3.5,1
1960,Earth,1
1960,the Eastern Mediterranean,1
1960,winter,1
"7,000",The Dead Sea,1
"7,000",approximately one-third,1
"7,000",more than 1 meter,1
"7,000",the Jordan River,1
"7,000",the West Bank,1
The Dead Sea,approximately one-third,1
The Dead Sea,more than 1 meter,1
The Dead Sea,the Jordan River,1
The Dead Sea,the West Bank,1
approximately one-third,more than 1 meter,1
approximately one-third,the Jordan River,1
approximately one-third,the West Bank,1
more than 1 meter,the Jordan River,1
more than 1 meter,the West Bank,1
the Jordan River,the West Bank,1
"20,000",40 days,1
"20,000","400,000",1
"20,000",48 degrees,1
"20,000",Algeria,1
"20,000",European,1
"20,000",Greece,1
"20,000",Mediterranean,1
"20,000",Sicily,1
"20,000",Tunisia,1
"20,000",Turkey,1
"20,000",an estimated $3.5 billion,1
"20,000",the 1980s,1
"20,000",the summer of 2023,1
40 days,"400,000",1
40 days,48 degrees,1
40 days,Algeria,1
40 days,European,1
40 days,Greece,1
40 days,Mediterranean,1
40 days,Sicily,1
40 days,Tunisia,1
40 days,Turkey,1
40 days,an estimated $3.5 billion,1
40 days,the 1980s,1
40 days,the summer of 2023,1
"400,000",48 degrees,1
"400,000",Algeria,1
"400,000",European,1
"400,000",Greece,1
"400,000",Mediterranean,1
"400,000",Sicily,1
"400,000",Tunisia,1
"400,000",Turkey,1
"400,000",an estimated $3.5 billion,1
"400,000",the 1980s,1
"400,000",the summer of 2023,1
48 degrees,Algeria,1
48 degrees,European,1
48 degrees,Greece,1
48 degrees,Mediterranean,1
48 degrees,Sicily,1
48 degrees,Tunisia,1
48 degrees,Turkey,1
48 degrees,an estimated $3.5 billion,1
48 degrees,the 1980s,1
48 degrees,the summer of 2023,1
Algeria,European,1
Algeria,Greece,1
Algeria,Mediterranean,1
Algeria,Sicily,1
Algeria,Tunisia,1
Algeria,Turkey,1
Algeria,an estimated $3.5 billion,1
Algeria,the 1980s,1
Algeria,the summer of 2023,1
European,Greece,1
European,Mediterranean,1
European,Sicily,1
European,Tunisia,1
European,Turkey,1
European,an estimated $3.5 billion,1
European,the 1980s,1
European,the summer of 2023,1
Greece,Sicily,1
Greece,Tunisia,1
Greece,Turkey,1
Greece,an estimated $3.5 billion,1
Greece,the 1980s,1
Greece,the summer of 2023,1
2050,Greece,1
500-megawatt,Greece,1
Greece,Italy,1
Greece,Neom,1
Greece,Saudi Arabia,1
Greece,Spain,1
Greece,The Red Sea's,1
Greece,up to 10%,1
Mediterranean,Sicily,1
Mediterranean,Tunisia,1
Mediterranean,Turkey,1
Mediterranean,an estimated $3.5 billion,1
Mediterranean,the 1980s,1
Mediterranean,the summer of 2023,1
2000,Mediterranean,1
25%,Mediterranean,1
Mediterranean,Scandinavia,1
Mediterranean,the African Union's Climate Research Centre,1
Mediterranean,up to 30%,1
117 megawatts,Mediterranean,1
38,Mediterranean,1
5-15%,Mediterranean,1
Al Tafila,Mediterranean,1
Mediterranean,"approximately 80,000",1
500-megawatt,Mediterranean,1
Italy,Mediterranean,1
Mediterranean,Neom,1
Mediterranean,Saudi Arabia,1
Mediterranean,Spain,1
Mediterranean,The Red Sea's,1
Mediterranean,up to 10%,1
23,Mediterranean,1
Indo-Pacific,Mediterranean,1
Mediterranean,Red Sea,1
Mediterranean,the Aqaba Marine Science Station,1
Mediterranean,the Gulf of Aqaba,1
Mediterranean,the University of Jordan,1
Sicily,Tunisia,1
Sicily,Turkey,1
Sicily,an estimated $3.5 billion,1
Sicily,the 1980s,1
Sicily,the summer of 2023,1
Tunisia,Turkey,1
Tunisia,an estimated $3.5 billion,1
Tunisia,the 1980s,1
Tunisia,the summer of 2023,1
Turkey,an estimated $3.5 billion,1
Turkey,the 1980s,1
Turkey,the summer of 2023,1
1.2 million,Turkey,1
26.4 million,Turkey,1
Lebanon,Turkey,1
Levant,Turkey,1
Libya,Turkey,1
Turkey,UNHCR,1
Turkey,the Internal Displacement Monitoring Centre,1
an estimated $3.5 billion,the 1980s,1
an estimated $3.5 billion,the summer of 2023,1
the 1980s,the summer of 2023,1
2100,Australia,1
2100,Kiribati,1
2100,Pacific Island,1
2100,Tuvalu,1
2100,just 2 meters,1
2100,the Marshall Islands',1
2100,up to 280,1
2100,up to 50%,1
2047,2100,1
2100,January 2019,1
2100,The Kigali Amendment,1
2100,the Kigali Amendment,1
2100,the Montreal Protocol,1
2100,thousands,1
2.0 degrees,2100,1
2.5,2100,1
2.9 degrees,2100,1
2019,2100,1
2035,2100,1
2100,42%,1
2100,57%,1
2100,Emissions Gap Report,1
0.5 degrees Celsius,2100,1
1.5 million square kilometers,2100,1
1980,2100,1
2006,2100,1
2100,40%,1
2100,Qinghai,1
2100,the Tibetan Plateau,1
10%,2100,1
1900,2100,1
2100,3 kilometers,1
2100,Alps,1
2100,Swiss,1
2100,The Aletsch Glacier,1
2100,The World Glacier Monitoring Service,1
2100,over 1 meter,1
2100,the past two years,1
2.4-2.6 degrees,2100,1
2100,The Global Stocktake at COP28,1
2100,non-CO2,1
Australia,Kiribati,1
Australia,Pacific Island,1
Australia,Tuvalu,1
Australia,just 2 meters,1
Australia,the Marshall Islands',1
Australia,up to 280,1
Australia,up to 50%,1
Kiribati,Pacific Island,1
Kiribati,Tuvalu,1
Kiribati,just 2 meters,1
Kiribati,the Marshall Islands',1
Kiribati,up to 280,1
Kiribati,up to 50%,1
Pacific Island,Tuvalu,1
Pacific Island,just 2 meters,1
Pacific Island,the Marshall Islands',1
Pacific Island,up to 280,1
Pacific Island,up to 50%,1
Kenya,Pacific Island,1
Pacific Island,The Climate Justice Alliance,1
Pacific Island,The Global Adaptation Finance Tracker,1
Pacific Island,only 7%,1
Tuvalu,just 2 meters,1
Tuvalu,the Marshall Islands',1
Tuvalu,up to 280,1
Tuvalu,up to 50%,1
just 2 meters,the Marshall Islands',1
just 2 meters,up to 280,1
just 2 meters,up to 50%,1
the Marshall Islands',up to 280,1
the Marshall Islands',up to 50%,1
up to 280,up to 50%,1
24 hours,270,1
24 hours,"40,000",1
24 hours,414 millimeters,1
24 hours,50%,1
24 hours,Derna,1
24 hours,Flash,1
24 hours,Libya,1
24 hours,Storm Daniel,1
24 hours,"over 11,000",1
270,"40,000",1
270,414 millimeters,1
270,50%,1
270,Derna,1
270,Flash,1
270,Libya,1
270,Storm Daniel,1
270,"over 11,000",1
"40,000",414 millimeters,1
"40,000",50%,1
"40,000",Derna,1
"40,000",Flash,1
"40,000",Libya,1
"40,000",Storm Daniel,1
"40,000","over 11,000",1
414 millimeters,50%,1
414 millimeters,Derna,1
414 millimeters,Flash,1
414 millimeters,Libya,1
414 millimeters,Storm Daniel,1
414 millimeters,"over 11,000",1
50%,Derna,1
50%,Flash,1
50%,Libya,1
50%,Storm Daniel,1
50%,"over 11,000",1
$375 billion,50%,1
1970,50%,1
50%,70-90%,1
50%,Caribbean,1
50%,approximately 500 million,1
"2,400 megawatts",50%,1
200-megawatt,50%,1
29%,50%,1
50%,Mafraq,1
50%,The Kingdom of Jordan,1
50%,"approximately 110,000",1
50%,the European Bank for Reconstruction and Development,1
2005,50%,1
2070,50%,1
45%,50%,1
50%,Glasgow,1
50%,India,1
50%,Narendra Modi,1
50%,Nationally Determined Contribution,1
50%,November 2021,1
$500 billion,50%,1
"2,600-megawatt",50%,1
278 million tonnes,50%,1
50 billion,50%,1
50%,Green Initiative,1
50%,Middle East Green Initiative,1
50%,Saudi,1
50%,Saudi Arabia's,1
50%,Sudair,1
50%,Vision 2030,1
$3.5 billion,50%,1
40 million,50%,1
40%,50%,1
50%,Delta,1
50%,Egypt,1
50%,National Adaptation Plan,1
50%,the Agricultural Research Centre,1
50%,the Nile Delta,1
20%,50%,1
2008,50%,1
2040,50%,1
2050,50%,1
50%,70%,1
50%,The International Maritime Organization,1
50%,approximately 3%,1
2018,50%,1
2063,50%,1
50%,"500-5,000",1
50%,Africa,1
50%,African,1
50%,The African Union's Agenda,1
50%,only 1.3%,1
Derna,Flash,1
Derna,Libya,1
Derna,Storm Daniel,1
Derna,"over 11,000",1
Flash,Libya,1
Flash,Storm Daniel,1
Flash,"over 11,000",1
Libya,Storm Daniel,1
Libya,"over 11,000",1
1.2 million,Libya,1
26.4 million,Libya,1
Lebanon,Libya,1
Levant,Libya,1
Libya,UNHCR,1
Libya,the Internal Displacement Monitoring Centre,1
Storm Daniel,"over 11,000",1
500 cubic meters,approximately 80 cubic meters,1
500 cubic meters,the Jordan Valley,1
approximately 80 cubic meters,the Jordan Valley,1
"10,000",the Jordan Valley,1
15-30%,the Jordan Valley,1
2026,the Jordan Valley,1
40%,the Jordan Valley,1
$12 million,the Jordan Valley,1
45,the Jordan Valley,1
an estimated 22%,the Jordan Valley,1
the 2024 winter season,the Jordan Valley,1
the European Space Agency,the Jordan Valley,1
200,the Jordan Valley,1
30-50%,the Jordan Valley,1
35%,the Jordan Valley,1
AI,the Jordan Valley,1
GIZ,the Jordan Valley,1
IoT,the Jordan Valley,1
18%,the Jordan Valley,1
between 2015 and 2023,the Jordan Valley,1
the European Space Agency's,the Jordan Valley,1
2000,25%,1
2000,Scandinavia,1
2000,the African Union's Climate Research Centre,1
2000,up to 30%,1
25%,Scandinavia,1
25%,the African Union's Climate Research Centre,1
25%,up to 30%,1
$1.8 billion,25%,1
2023-2040,25%,1
25%,40%,1
25%,400 million cubic meters,1
25%,German,1
25%,KfW,1
25%,Ministry of Water and Irrigation,1
25%,USAID,1
25%,the National Water Strategy,1
Scandinavia,the African Union's Climate Research Centre,1
Scandinavia,up to 30%,1
the African Union's Climate Research Centre,up to 30%,1
18 separate days,1970,1
18 separate days,2.1 degrees,1
18 separate days,2018-2022,1
18 separate days,35%,1
18 separate days,40 degrees,1
18 separate days,Amman,1
18 separate days,August,1
18 separate days,The Jordanian Department of Meteorology,1
18 separate days,summer,1
1970,2.1 degrees,1
1970,2018-2022,1
1970,35%,1
1970,40 degrees,1
1970,Amman,1
1970,August,1
1970,The Jordanian Department of Meteorology,1
1970,summer,1
$375 billion,1970,1
1970,70-90%,1
1970,Caribbean,1
1970,approximately 500 million,1
1970,1982,1
1970,20 to 50,1
1970,90%,1
1970,Marine,1
1970,The Intergovernmental Panel on Climate Change Special Report,1
1970,37%,1
1970,41%,1
1970,The Global Biodiversity Framework Monitor,1
1970,The Mediterranean Sea,1
2.1 degrees,2018-2022,1
2.1 degrees,35%,1
2.1 degrees,40 degrees,1
2.1 degrees,Amman,1
2.1 degrees,August,1
2.1 degrees,The Jordanian Department of Meteorology,1
2.1 degrees,summer,1
2018-2022,35%,1
2018-2022,40 degrees,1
2018-2022,Amman,1
2018-2022,August,1
2018-2022,The Jordanian Department of Meteorology,1
2018-2022,summer,1
35%,40 degrees,1
35%,Amman,1
35%,August,1
35%,The Jordanian Department of Meteorology,1
35%,summer,1
200,35%,1
30-50%,35%,1
35%,AI,1
35%,GIZ,1
35%,IoT,1
35%,the Jordanian Ministry of Agriculture,1
40 degrees,Amman,1
40 degrees,August,1
40 degrees,The Jordanian Department of Meteorology,1
40 degrees,summer,1
Amman,August,1
Amman,The Jordanian Department of Meteorology,1
Amman,summer,1
$990 million,Amman,1
100 million cubic meters,Amman,1
2013,Amman,1
Amman,Aqaba,1
Amman,Disi,1
Amman,Disi Water Conveyance Project,1
2021,Amman,1
"25,000",Amman,1
"300,000",Amman,1
40%,Amman,1
Amman,Climate Action Plan,1
12 days,Amman,1
4.2 million,Amman,1
75 micrograms per cubic meter,Amman,1
Amman,The Ministry of Health,1
Amman,WHO,1
Amman,the 2023 summer,1
3 to 8 degrees Celsius,Amman,1
Amman,Middle Eastern,1
2024 heatwave season,Amman,1
Amman,The Global Heat Health Information Network,1
Amman,hours,1
Amman,the Northern Hemisphere,1
10 million cubic meters,Amman,1
"3,000",Amman,1
4 years,Amman,1
Amman,The Royal Scientific Society,1
Amman,rainwater harvesting,1
August,The Jordanian Department of Meteorology,1
August,summer,1
"1,739",August,1
190%,August,1
33 million,August,1
8 million,August,1
August,Hindu Kush,1
August,Karakoram,1
August,Pakistan,1
August,September 2022,1
August,The World Health Organization,1
August,one-third,1
August,over $30 billion,1
The Jordanian Department of Meteorology,summer,1
40%,summer,1
60-80%,summer,1
Middle Eastern,summer,1
Sustainable City,summer,1
over 30%,summer,1
10-25%,1961,1
10-25%,21%,1
10-25%,3.3 to 3.6 billion,1
10-25%,The IPCC Working Group II,1
1961,21%,1
1961,3.3 to 3.6 billion,1
1961,The IPCC Working Group II,1
21%,3.3 to 3.6 billion,1
21%,The IPCC Working Group II,1
2-3%,21%,1
21%,75-90%,1
21%,Working Group III,1
21%,zero,1
3.3 to 3.6 billion,The IPCC Working Group II,1
270 kilometers per hour,Acapulco,1
270 kilometers per hour,Category 5,1
270 kilometers per hour,Hurricane Otis,1
270 kilometers per hour,Mexico,1
270 kilometers per hour,"October 25, 2023",1
270 kilometers per hour,at least 52,1
270 kilometers per hour,just 12 hours,1
270 kilometers per hour,over $16 billion,1
270 kilometers per hour,the Eastern Pacific,1
Acapulco,Category 5,1
Acapulco,Hurricane Otis,1
Acapulco,Mexico,1
Acapulco,"October 25, 2023",1
Acapulco,at least 52,1
Acapulco,just 12 hours,1
Acapulco,over $16 billion,1
Acapulco,the Eastern Pacific,1
Category 5,Hurricane Otis,1
Category 5,Mexico,1
Category 5,"October 25, 2023",1
Category 5,at least 52,1
Category 5,just 12 hours,1
Category 5,over $16 billion,1
Category 5,the Eastern Pacific,1
Hurricane Otis,Mexico,1
Hurricane Otis,"October 25, 2023",1
Hurricane Otis,at least 52,1
Hurricane Otis,just 12 hours,1
Hurricane Otis,over $16 billion,1
Hurricane Otis,the Eastern Pacific,1
Mexico,"October 25, 2023",1
Mexico,at least 52,1
Mexico,just 12 hours,1
Mexico,over $16 billion,1
Mexico,the Eastern Pacific,1
"October 25, 2023",at least 52,1
"October 25, 2023",just 12 hours,1
"October 25, 2023",over $16 billion,1
"October 25, 2023",the Eastern Pacific,1
at least 52,just 12 hours,1
at least 52,over $16 billion,1
at least 52,the Eastern Pacific,1
just 12 hours,over $16 billion,1
just 12 hours,the Eastern Pacific,1
over $16 billion,the Eastern Pacific,1
12 million,45 million,1
12 million,Africa,1
12 million,Burkina Faso,1
12 million,Chad,1
12 million,Mali,1
12 million,Niger,1
12 million,The World Food Programme,1
12 million,a decade,1
12 million,millions,1
$490 billion,12 million,1
10%,12 million,1
12 million,1920,1
12 million,2 billion,1
12 million,Earth,1
12 million,The Sahara Desert,1
12 million,approximately 48 kilometers,1
12 million,threatens 40%,1
45 million,Africa,1
45 million,Burkina Faso,1
45 million,Chad,1
45 million,Mali,1
45 million,Niger,1
45 million,Sahel,1
45 million,The World Food Programme,1
45 million,a decade,1
45 million,millions,1
Africa,Burkina Faso,1
Africa,Chad,1
Africa,Mali,1
Africa,Niger,1
Africa,Sahel,1
Africa,The World Food Programme,1
Africa,a decade,1
Africa,millions,1
$1.3 trillion,Africa,1
$50 billion,Africa,1
100,Africa,1
Africa,approximately $100 billion,1
Africa,only 3.8%,1
Africa,the African Group of Negotiators,1
45%,Africa,1
"5,000 megawatts",Africa,1
863 megawatts,Africa,1
95%,Africa,1
Africa,Kenya,1
Africa,Olkaria,1
Africa,the African Union,1
Africa,the Great Rift Valley,1
Africa,the Japan International Cooperation Agency,1
2018,Africa,1
2063,Africa,1
"500-5,000",Africa,1
60%,Africa,1
Africa,African,1
Africa,The African Union's Agenda,1
Africa,only 1.3%,1
Burkina Faso,Chad,1
Burkina Faso,Mali,1
Burkina Faso,Niger,1
Burkina Faso,Sahel,1
Burkina Faso,The World Food Programme,1
Burkina Faso,a decade,1
Burkina Faso,millions,1
Chad,Mali,1
Chad,Niger,1
Chad,Sahel,1
Chad,The World Food Programme,1
Chad,a decade,1
Chad,millions,1
Mali,Niger,1
Mali,Sahel,1
Mali,The World Food Programme,1
Mali,a decade,1
Mali,millions,1
Niger,Sahel,1
Niger,The World Food Programme,1
Niger,a decade,1
Niger,millions,1
Sahel,The World Food Programme,1
Sahel,a decade,1
Sahel,millions,1
11,Sahel,1
2024,Sahel,1
250 million,Sahel,1
3.2,Sahel,1
Sahel,The African Development Bank's,1
Sahel,rural health clinics,1
$490 billion,Sahel,1
10%,Sahel,1
1920,Sahel,1
2 billion,Sahel,1
Earth,Sahel,1
Sahel,The Sahara Desert,1
Sahel,approximately 48 kilometers,1
Sahel,threatens 40%,1
The World Food Programme,a decade,1
The World Food Programme,millions,1
a decade,millions,1
1990,23 billion dollar,1
1990,GLOF,1
1990,Himalayas,1
1990,Hindu,1
1990,India,1
1990,Kush Himalaya,1
1990,Sikkim,1
1990,Teesta III,1
1990,less than a year,1
1990,over 40,1
1990,"over 5,000",1
1990,31.5%,1
1990,34.2%,1
1990,60%,1
1990,The Dead Sea's,1
1990,the Dead Sea,1
1990,the Helmholtz Centre for Environmental Research,1
1990,the University of Jordan,1
1990,three decades,1
23 billion dollar,GLOF,1
23 billion dollar,Himalayas,1
23 billion dollar,Hindu,1
23 billion dollar,India,1
23 billion dollar,Kush Himalaya,1
23 billion dollar,Sikkim,1
23 billion dollar,Teesta III,1
23 billion dollar,less than a year,1
23 billion dollar,over 40,1
23 billion dollar,"over 5,000",1
GLOF,Himalayas,1
GLOF,Hindu,1
GLOF,India,1
GLOF,Kush Himalaya,1
GLOF,Sikkim,1
GLOF,Teesta III,1
GLOF,less than a year,1
GLOF,over 40,1
GLOF,"over 5,000",1
Himalayas,Hindu,1
Himalayas,India,1
Himalayas,Kush Himalaya,1
Himalayas,Sikkim,1
Himalayas,Teesta III,1
Himalayas,less than a year,1
Himalayas,over 40,1
Himalayas,"over 5,000",1
Hindu,India,1
Hindu,Kush Himalaya,1
Hindu,Sikkim,1
Hindu,Teesta III,1
Hindu,less than a year,1
Hindu,over 40,1
Hindu,"over 5,000",1
2025,Hindu,1
Asia,Hindu,1
December 2023,Hindu,1
Hindu,Kush Himalayan,1
Hindu,Over 200 million,1
Hindu,the International Year of Glaciers,1
Hindu,the United Nations,1
India,Kush Himalaya,1
India,Sikkim,1
India,Teesta III,1
India,less than a year,1
India,over 40,1
India,"over 5,000",1
2005,India,1
2070,India,1
45%,India,1
Glasgow,India,1
India,Narendra Modi,1
India,Nationally Determined Contribution,1
India,November 2021,1
0.5%,India,1
1.0%,India,1
1.1%,India,1
1.5%,India,1
15.5 billion tonnes,India,1
36.8 billion tonnes,India,1
7.4%,India,1
$100 billion,India,1
$180 million,India,1
$250 million,India,1
2019-2030,India,1
India,Pakistan,1
India,South,1
India,Southeast Asia,1
India,The Asian Development Bank,1
0.038,India,1
"14,000 acres",India,1
"2,245 megawatts",India,1
2024,India,1
India,National Solar Mission,1
India,Rajasthan,1
India,The Bhadla Solar Park,1
1.5-degree,India,1
G20,India,1
India,Russia,1
India,only 6,1
India,the United States,1
Kush Himalaya,Sikkim,1
Kush Himalaya,Teesta III,1
Kush Himalaya,less than a year,1
Kush Himalaya,over 40,1
Kush Himalaya,"over 5,000",1
Sikkim,Teesta III,1
Sikkim,less than a year,1
Sikkim,over 40,1
Sikkim,"over 5,000",1
Teesta III,less than a year,1
Teesta III,over 40,1
Teesta III,"over 5,000",1
less than a year,over 40,1
less than a year,"over 5,000",1
over 40,"over 5,000",1
$375 billion,70-90%,1
$375 billion,Caribbean,1
$375 billion,approximately 500 million,1
70-90%,Caribbean,1
70-90%,approximately 500 million,1
Caribbean,approximately 500 million,1
$990 million,100 million cubic meters,1
$990 million,2013,1
$990 million,Aqaba,1
$990 million,Disi,1
$990 million,Disi Water Conveyance Project,1
100 million cubic meters,2013,1
100 million cubic meters,Aqaba,1
100 million cubic meters,Disi,1
100 million cubic meters,Disi Water Conveyance Project,1
2013,Aqaba,1
2013,Disi,1
2013,Disi Water Conveyance Project,1
Aqaba,Disi,1
Aqaba,Disi Water Conveyance Project,1
Disi,Disi Water Conveyance Project,1
"2,400 megawatts",200-megawatt,1
"2,400 megawatts",29%,1
"2,400 megawatts",Mafraq,1
"2,400 megawatts",The Kingdom of Jordan,1
"2,400 megawatts","approximately 110,000",1
"2,400 megawatts",the European Bank for Reconstruction and Development,1
200-megawatt,29%,1
200-megawatt,Mafraq,1
200-megawatt,The Kingdom of Jordan,1
200-megawatt,"approximately 110,000",1
200-megawatt,the European Bank for Reconstruction and Development,1
29%,Mafraq,1
29%,The Kingdom of Jordan,1
29%,"approximately 110,000",1
29%,the European Bank for Reconstruction and Development,1
Mafraq,The Kingdom of Jordan,1
Mafraq,"approximately 110,000",1
Mafraq,the European Bank for Reconstruction and Development,1
The Kingdom of Jordan,"approximately 110,000",1
The Kingdom of Jordan,the European Bank for Reconstruction and Development,1
"approximately 110,000",the European Bank for Reconstruction and Development,1
$72 billion,100 years,1
$72 billion,2025,1
$72 billion,Singapore,1
$72 billion,The Tuas Nexus,1
$72 billion,up to 4 meters,1
100 years,2025,1
100 years,Singapore,1
100 years,The Tuas Nexus,1
100 years,up to 4 meters,1
2025,Singapore,1
2025,The Tuas Nexus,1
2025,up to 4 meters,1
0.40,2025,1
200 million cubic meters,2025,1
2025,80%,1
2025,Israel,1
2025,2050,1
2025,"60,000",1
2025,98%,1
2025,99.5%,1
2025,Costa Rica,1
2025,Costa Rica's,1
2025,National Decarbonization Plan,1
2025,nine consecutive years,1
"130,000",2025,1
2024,2025,1
2025,"600,000",1
2025,Indonesia,1
2025,the Asian Development Bank,1
2025,Asia,1
2025,December 2023,1
2025,Kush Himalayan,1
2025,Over 200 million,1
2025,the International Year of Glaciers,1
2025,the United Nations,1
Singapore,The Tuas Nexus,1
Singapore,up to 4 meters,1
The Tuas Nexus,up to 4 meters,1
$387 billion,10 to 18,1
$387 billion,2021,1
$387 billion,215,1
$387 billion,Adaptation Gap Report,1
$387 billion,Only $21 billion,1
$387 billion,UNEP,1
10 to 18,2021,1
10 to 18,215,1
10 to 18,Adaptation Gap Report,1
10 to 18,Only $21 billion,1
10 to 18,UNEP,1
2021,215,1
2021,Adaptation Gap Report,1
2021,Only $21 billion,1
2021,UNEP,1
2021,"25,000",1
2021,"300,000",1
2021,40%,1
2021,Climate Action Plan,1
17 kilometers,The Intergovernmental Science-Policy Platform on Biodiversity and Ecosystem Services,1
$4 trillion,2021,1
2021,2050,1
2021,Fatih Birol,1
2021,IEA,1
2021,Net Zero,1
2021,The International Energy Agency's,1
$7 trillion,2021,1
2021,7.1%,1
2021,IMF,1
2021,OECD,1
215,Adaptation Gap Report,1
215,Only $21 billion,1
215,UNEP,1
Adaptation Gap Report,Only $21 billion,1
Adaptation Gap Report,UNEP,1
Only $21 billion,UNEP,1
2047,UNEP,1
80%,UNEP,1
January 2019,UNEP,1
The Kigali Amendment,UNEP,1
UNEP,the Kigali Amendment,1
UNEP,the Montreal Protocol,1
UNEP,thousands,1
$19 billion,UNEP,1
100 million,UNEP,1
2007,UNEP,1
2024,UNEP,1
"8,000 kilometers",UNEP,1
African,UNEP,1
Djibouti,UNEP,1
January 2021,UNEP,1
Sahara,UNEP,1
Sahel Initiative,UNEP,1
Senegal,UNEP,1
UNEP,approximately 18 million,1
UNEP,the One Planet Summit,1
2.0 degrees,UNEP,1
2.5,UNEP,1
2.9 degrees,UNEP,1
2019,UNEP,1
2035,UNEP,1
42%,UNEP,1
57%,UNEP,1
Emissions Gap Report,UNEP,1
0.3 degrees,UNEP,1
45%,UNEP,1
Global Methane Assessment,UNEP,1
The United Nations Environment Programme,UNEP,1
UNEP,mid-century,1
2.3 billion,2019,1
2.3 billion,34,1
2.3 billion,Europe,1
2.3 billion,Netherlands,1
2.3 billion,River,1
2.3 billion,"the Rhine, Meuse",1
2019,34,1
2019,Europe,1
2019,Netherlands,1
2019,River,1
2019,"the Rhine, Meuse",1
2.0 degrees,2019,1
2.5,2019,1
2.9 degrees,2019,1
2019,2035,1
2019,42%,1
2019,57%,1
2019,Emissions Gap Report,1
34,Europe,1
34,Netherlands,1
34,River,1
34,"the Rhine, Meuse",1
Europe,Netherlands,1
Europe,River,1
Europe,"the Rhine, Meuse",1
$2.5 billion,Europe,1
52%,Europe,1
580 megawatts,Europe,1
"760,000 tonnes",Europe,1
Europe,Morocco,1
Europe,Noor-Ouarzazate,1
Europe,Sahara,1
Europe,one,1
Europe,up to 7 hours,1
12%,Europe,1
2050,Europe,1
600 tonnes,Europe,1
Asia,Europe,1
Europe,NEOM,1
Europe,Saudi Arabia,1
Europe,The Middle East's,1
Europe,the Hydrogen Council,1
Netherlands,River,1
Netherlands,"the Rhine, Meuse",1
River,"the Rhine, Meuse",1
"12,000",2020,1
"12,000",400-kilometer,1
"12,000",Great Green Wall,1
"12,000",Kenya,1
"12,000",over 15 million,1
2020,400-kilometer,1
2020,Great Green Wall,1
2020,Kenya,1
2020,over 15 million,1
0.2 degrees Celsius,2020,1
2020,2050,1
2020,Glasgow,1
2020,The Global Methane Pledge,1
2020,over 150,1
400-kilometer,Great Green Wall,1
400-kilometer,Kenya,1
400-kilometer,over 15 million,1
Great Green Wall,Kenya,1
Great Green Wall,over 15 million,1
Kenya,over 15 million,1
2.4 million,Kenya,1
2020-2023,Kenya,1
36 million,Kenya,1
40 years,Kenya,1
East Africa,Kenya,1
Ethiopia,Kenya,1
Kenya,Somalia,1
Kenya,late 2023,1
Kenya,over 13 million,1
45%,Kenya,1
"5,000 megawatts",Kenya,1
863 megawatts,Kenya,1
95%,Kenya,1
Kenya,Olkaria,1
Kenya,the African Union,1
Kenya,the Great Rift Valley,1
Kenya,the Japan International Cooperation Agency,1
Kenya,The Climate Justice Alliance,1
Kenya,The Global Adaptation Finance Tracker,1
Kenya,only 7%,1
1972,35 million,1
1972,"4,000",1
1972,"76,000",1
1972,Red Cross,1
1972,one,1
1972,over 99%,1
$28 million,1972,1
1972,"635,000 tonnes",1
1972,Denmark,1
1972,Kalundborg Symbiosis,1
35 million,"4,000",1
35 million,"76,000",1
35 million,Red Cross,1
35 million,one,1
35 million,over 99%,1
"4,000","76,000",1
"4,000",Red Cross,1
"4,000",one,1
"4,000",over 99%,1
"76,000",Red Cross,1
"76,000",one,1
"76,000",over 99%,1
Red Cross,one,1
Red Cross,over 99%,1
one,over 99%,1
$2.5 billion,one,1
52%,one,1
580 megawatts,one,1
"760,000 tonnes",one,1
Morocco,one,1
Noor-Ouarzazate,one,1
Sahara,one,1
one,up to 7 hours,1
10-megawatt,15 to,1
10-megawatt,20 degrees,1
10-megawatt,2024,1
10-megawatt,"6,000",1
10-megawatt,600,1
10-megawatt,Abu Dhabi's,1
10-megawatt,Masdar City,1
10-megawatt,the International Renewable Energy Agency,1
15 to,20 degrees,1
15 to,2024,1
15 to,"6,000",1
15 to,600,1
15 to,Abu Dhabi's,1
15 to,Masdar City,1
15 to,the International Renewable Energy Agency,1
20 degrees,2024,1
20 degrees,"6,000",1
20 degrees,600,1
20 degrees,Abu Dhabi's,1
20 degrees,Masdar City,1
20 degrees,the International Renewable Energy Agency,1
2024,"6,000",1
2024,600,1
2024,Abu Dhabi's,1
2024,Masdar City,1
2024,the International Renewable Energy Agency,1
11,2024,1
2024,250 million,1
2024,3.2,1
2024,The African Development Bank's,1
2024,rural health clinics,1
$19 billion,2024,1
100 million,2024,1
2007,2024,1
2024,"8,000 kilometers",1
2024,African,1
2024,Djibouti,1
2024,January 2021,1
2024,Sahara,1
2024,Sahel Initiative,1
2024,Senegal,1
2024,approximately 18 million,1
2024,the One Planet Summit,1
$10 billion,2024,1
2024,300 million cubic meters,1
2024,400-meter,1
2024,800 megawatts,1
2024,Dead Sea,1
2024,Israel,1
2024,the Palestinian Authority,1
2024,the Red Sea,1
"130,000",2024,1
2024,"600,000",1
2024,Indonesia,1
2024,the Asian Development Bank,1
2024,4 million tonnes,1
2024,45 million tonnes,1
2024,CCS,1
2024,Gorgon,1
2024,Western Australia,1
2024,the Global CCS Institute,1
0.038,2024,1
"14,000 acres",2024,1
"2,245 megawatts",2024,1
2024,National Solar Mission,1
2024,Rajasthan,1
2024,The Bhadla Solar Park,1
2024,Global Risks Report,1
2024,The World Economic Forum's,1
"6,000",600,1
"6,000",Abu Dhabi's,1
"6,000",Masdar City,1
"6,000",the International Renewable Energy Agency,1
600,Abu Dhabi's,1
600,Masdar City,1
600,the International Renewable Energy Agency,1
Abu Dhabi's,Masdar City,1
Abu Dhabi's,the International Renewable Energy Agency,1
Masdar City,the International Renewable Energy Agency,1
"25,000","300,000",1
"25,000",40%,1
"25,000",Climate Action Plan,1
"300,000",40%,1
"300,000",Climate Action Plan,1
40%,Climate Action Plan,1
$3.5 billion,40%,1
40 million,40%,1
40%,60%,1
40%,Delta,1
40%,Egypt,1
40%,National Adaptation Plan,1
40%,the Agricultural Research Centre,1
40%,the Nile Delta,1
$2.4 trillion,40%,1
12%,40%,1
35 degrees,40%,1
40%,The Lancet Planetary Health,1
40%,months,1
$1.8 billion,40%,1
2023-2040,40%,1
40%,400 million cubic meters,1
40%,German,1
40%,KfW,1
40%,Ministry of Water and Irrigation,1
40%,USAID,1
40%,the National Water Strategy,1
0.5 degrees Celsius,40%,1
1.5 million square kilometers,40%,1
1980,40%,1
2006,40%,1
40%,Qinghai,1
40%,the Tibetan Plateau,1
"10,000",40%,1
15-30%,40%,1
2026,40%,1
40%,the Jordanian Ministry of Agriculture,1
40%,60-80%,1
40%,Middle Eastern,1
40%,Sustainable City,1
40%,over 30%,1
0.40,200 million cubic meters,1
0.40,80%,1
0.40,Israel,1
200 million cubic meters,80%,1
200 million cubic meters,Israel,1
80%,Israel,1
2047,80%,1
80%,January 2019,1
80%,The Kigali Amendment,1
80%,the Kigali Amendment,1
80%,the Montreal Protocol,1
80%,thousands,1
10%,80%,1
1900,80%,1
3 kilometers,80%,1
80%,Alps,1
80%,Swiss,1
80%,The Aletsch Glacier,1
80%,The World Glacier Monitoring Service,1
80%,over 1 meter,1
80%,the past two years,1
0.033,80%,1
0.049,80%,1
80%,89%,1
80%,The International Renewable Energy Agency,1
$10 billion,Israel,1
300 million cubic meters,Israel,1
400-meter,Israel,1
800 megawatts,Israel,1
Dead Sea,Israel,1
Israel,the Palestinian Authority,1
Israel,the Red Sea,1
1.3 billion cubic meters,Israel,1
93%,Israel,1
Friends of the Earth Middle East,Israel,1
Israel,Syria,1
Israel,The Jordan River,1
Israel,less than 100 million cubic meters,1
2050,"60,000",1
2050,98%,1
2050,99.5%,1
2050,Costa Rica,1
2050,Costa Rica's,1
2050,National Decarbonization Plan,1
2050,nine consecutive years,1
$1.3 trillion,2050,1
$4 trillion,2050,1
2050,Fatih Birol,1
2050,IEA,1
2050,Net Zero,1
2050,The International Energy Agency's,1
2050,40 years,1
2050,February 2024,1
2050,Nature Communications,1
2050,September,1
2050,a decade earlier,1
2050,68%,1
2050,The Lancet Countdown on Health and Climate Change,1
2050,The World Health Organization,1
2050,"approximately 250,000",1
2050,between 2000 and 2022,1
2050,between 2030,1
117 megawatts,2050,1
2050,38,1
2050,5-15%,1
2050,Al Tafila,1
2050,"approximately 80,000",1
1.5 degrees,94%,1
2008,2050,1
2040,2050,1
2050,70%,1
2050,The International Maritime Organization,1
2050,approximately 3%,1
10-20%,2050,1
1900,2050,1
2050,3.5,1
2050,Earth,1
2050,the Eastern Mediterranean,1
2050,winter,1
2050,500-megawatt,1
2050,Italy,1
2050,Neom,1
$8.1 trillion,the Climate Policy Initiative,1
2050,Spain,1
2050,The Red Sea's,1
2050,up to 10%,1
12%,2050,1
2050,600 tonnes,1
2050,Asia,1
2050,NEOM,1
2050,The Middle East's,1
2050,the Hydrogen Council,1
0.2 degrees Celsius,2050,1
2050,Glasgow,1
2050,The Global Methane Pledge,1
2050,over 150,1
"60,000",98%,1
"60,000",99.5%,1
"60,000",Costa Rica,1
"60,000",Costa Rica's,1
"60,000",National Decarbonization Plan,1
"60,000",nine consecutive years,1
98%,99.5%,1
98%,Costa Rica,1
98%,Costa Rica's,1
98%,National Decarbonization Plan,1
98%,nine consecutive years,1
99.5%,Costa Rica,1
99.5%,Costa Rica's,1
99.5%,National Decarbonization Plan,1
99.5%,nine consecutive years,1
Costa Rica,Costa Rica's,1
Costa Rica,National Decarbonization Plan,1
Costa Rica,nine consecutive years,1
Costa Rica's,National Decarbonization Plan,1
Costa Rica's,nine consecutive years,1
National Decarbonization Plan,nine consecutive years,1
11,250 million,1
11,3.2,1
11,The African Development Bank's,1
11,rural health clinics,1
250 million,3.2,1
250 million,The African Development Bank's,1
250 million,rural health clinics,1
3.2,The African Development Bank's,1
3.2,rural health clinics,1
The African Development Bank's,rural health clinics,1
2005,2070,1
2005,45%,1
2005,Glasgow,1
2005,Narendra Modi,1
2005,Nationally Determined Contribution,1
2005,November 2021,1
2070,45%,1
2070,Glasgow,1
2070,Narendra Modi,1
2070,Nationally Determined Contribution,1
2070,November 2021,1
45%,Glasgow,1
45%,Narendra Modi,1
45%,Nationally Determined Contribution,1
45%,November 2021,1
0.3 degrees,45%,1
45%,Global Methane Assessment,1
45%,The United Nations Environment Programme,1
45%,mid-century,1
45%,"5,000 megawatts",1
45%,863 megawatts,1
45%,95%,1
45%,Olkaria,1
45%,the African Union,1
45%,the Great Rift Valley,1
45%,the Japan International Cooperation Agency,1
Glasgow,Narendra Modi,1
Glasgow,Nationally Determined Contribution,1
Glasgow,November 2021,1
0.2 degrees Celsius,Glasgow,1
Glasgow,The Global Methane Pledge,1
Glasgow,over 150,1
Narendra Modi,Nationally Determined Contribution,1
Narendra Modi,November 2021,1
Nationally Determined Contribution,November 2021,1
$100 million,$75 million,1
$100 million,$792 million,1
$100 million,COP27,1
$100 million,Germany,1
$100 million,Sharm el-Sheikh,1
$100 million,United Kingdom,1
$100 million,the estimated $400 billion,1
$75 million,$792 million,1
$75 million,COP27,1
$75 million,Germany,1
$75 million,Sharm el-Sheikh,1
$75 million,United Kingdom,1
$75 million,the estimated $400 billion,1
$792 million,COP27,1
$792 million,Germany,1
$792 million,Sharm el-Sheikh,1
$792 million,United Kingdom,1
$792 million,the estimated $400 billion,1
COP27,Germany,1
COP27,Sharm el-Sheikh,1
COP27,United Kingdom,1
COP27,the estimated $400 billion,1
Germany,Sharm el-Sheikh,1
Germany,United Kingdom,1
Germany,the estimated $400 billion,1
$500 million,Germany,1
48%,Germany,1
Amazon,Germany,1
August 2023,Germany,1
Brazil,Germany,1
Germany,IBAMA,1
Germany,Lula da Silva,1
Germany,Ministry of Environment and Climate Change,1
Germany,Norway,1
Germany,the Amazon Fund,1
Germany,the first seven months,1
Sharm el-Sheikh,United Kingdom,1
Sharm el-Sheikh,the estimated $400 billion,1
United Kingdom,the estimated $400 billion,1
$500 million,48%,1
$500 million,Amazon,1
$500 million,August 2023,1
$500 million,Brazil,1
$500 million,IBAMA,1
$500 million,Lula da Silva,1
$500 million,Ministry of Environment and Climate Change,1
$500 million,Norway,1
$500 million,the Amazon Fund,1
$500 million,the first seven months,1
48%,Amazon,1
48%,August 2023,1
48%,Brazil,1
48%,IBAMA,1
48%,Lula da Silva,1
48%,Ministry of Environment and Climate Change,1
48%,Norway,1
48%,the Amazon Fund,1
48%,the first seven months,1
Amazon,August 2023,1
Amazon,Brazil,1
Amazon,IBAMA,1
Amazon,Lula da Silva,1
Amazon,Ministry of Environment and Climate Change,1
Amazon,Norway,1
Amazon,the Amazon Fund,1
Amazon,the first seven months,1
August 2023,Brazil,1
August 2023,IBAMA,1
August 2023,Lula da Silva,1
August 2023,Ministry of Environment and Climate Change,1
August 2023,Norway,1
August 2023,the Amazon Fund,1
August 2023,the first seven months,1
Brazil,IBAMA,1
Brazil,Lula da Silva,1
Brazil,Ministry of Environment and Climate Change,1
Brazil,Norway,1
Brazil,the Amazon Fund,1
Brazil,the first seven months,1
22.8 million,Brazil,1
3.7 million,Brazil,1
Bolivia,Brazil,1
Brazil,The World Resources Institute,1
Brazil,every 5 seconds,1
Brazil,the Democratic Republic of Congo,1
IBAMA,Lula da Silva,1
IBAMA,Ministry of Environment and Climate Change,1
IBAMA,Norway,1
IBAMA,the Amazon Fund,1
IBAMA,the first seven months,1
Lula da Silva,Ministry of Environment and Climate Change,1
Lula da Silva,Norway,1
Lula da Silva,the Amazon Fund,1
Lula da Silva,the first seven months,1
Ministry of Environment and Climate Change,Norway,1
Ministry of Environment and Climate Change,the Amazon Fund,1
Ministry of Environment and Climate Change,the first seven months,1
Norway,the Amazon Fund,1
Norway,the first seven months,1
the Amazon Fund,the first seven months,1
$1.3 trillion,$4 trillion,1
$1.3 trillion,Fatih Birol,1
$1.3 trillion,IEA,1
$1.3 trillion,Net Zero,1
$1.3 trillion,The International Energy Agency's,1
$1.3 trillion,$50 billion,1
$1.3 trillion,100,1
$1.3 trillion,approximately $100 billion,1
$1.3 trillion,only 3.8%,1
$1.3 trillion,the African Group of Negotiators,1
$1.3 trillion,$7 trillion,1
$1.3 trillion,7.1%,1
$1.3 trillion,IMF,1
$1.3 trillion,OECD,1
$4 trillion,Fatih Birol,1
$4 trillion,IEA,1
$4 trillion,Net Zero,1
$4 trillion,The International Energy Agency's,1
Fatih Birol,IEA,1
Fatih Birol,Net Zero,1
Fatih Birol,The International Energy Agency's,1
IEA,Net Zero,1
IEA,The International Energy Agency's,1
Net Zero,The International Energy Agency's,1
$500 billion,"2,600-megawatt",1
$500 billion,278 million tonnes,1
$500 billion,50 billion,1
$500 billion,Green Initiative,1
$500 billion,Middle East Green Initiative,1
$500 billion,Saudi,1
$500 billion,Saudi Arabia's,1
$500 billion,Sudair,1
$500 billion,Vision 2030,1
"2,600-megawatt",278 million tonnes,1
"2,600-megawatt",50 billion,1
"2,600-megawatt",Green Initiative,1
"2,600-megawatt",Middle East Green Initiative,1
"2,600-megawatt",Saudi,1
"2,600-megawatt",Saudi Arabia's,1
"2,600-megawatt",Sudair,1
"2,600-megawatt",Vision 2030,1
278 million tonnes,50 billion,1
278 million tonnes,Green Initiative,1
278 million tonnes,Middle East Green Initiative,1
278 million tonnes,Saudi,1
278 million tonnes,Saudi Arabia's,1
278 million tonnes,Sudair,1
278 million tonnes,Vision 2030,1
50 billion,Green Initiative,1
50 billion,Middle East Green Initiative,1
50 billion,Saudi,1
50 billion,Saudi Arabia's,1
50 billion,Sudair,1
50 billion,Vision 2030,1
Green Initiative,Middle East Green Initiative,1
Green Initiative,Saudi,1
Green Initiative,Saudi Arabia's,1
Green Initiative,Sudair,1
Green Initiative,Vision 2030,1
Middle East Green Initiative,Saudi,1
Middle East Green Initiative,Saudi Arabia's,1
Middle East Green Initiative,Sudair,1
Middle East Green Initiative,Vision 2030,1
Saudi,Saudi Arabia's,1
Saudi,Sudair,1
Saudi,Vision 2030,1
Saudi Arabia's,Sudair,1
Saudi Arabia's,Vision 2030,1
$2 billion,Saudi Arabia's,1
2027,Saudi Arabia's,1
3-degree,Saudi Arabia's,1
Medina al-Munawwarah,Saudi Arabia's,1
Sudair,Vision 2030,1
2047,January 2019,1
2047,The Kigali Amendment,1
2047,the Kigali Amendment,1
2047,the Montreal Protocol,1
2047,thousands,1
January 2019,The Kigali Amendment,1
January 2019,the Kigali Amendment,1
January 2019,the Montreal Protocol,1
January 2019,thousands,1
The Kigali Amendment,the Kigali Amendment,1
The Kigali Amendment,the Montreal Protocol,1
The Kigali Amendment,thousands,1
the Kigali Amendment,the Montreal Protocol,1
the Kigali Amendment,thousands,1
the Montreal Protocol,thousands,1
12th,the Montreal Protocol,1
1979,the Montreal Protocol,1
26.0 million square kilometers,the Montreal Protocol,1
Antarctic,the Montreal Protocol,1
Antarctica,the Montreal Protocol,1
"September 21, 2023",the Montreal Protocol,1
approximately 2066,the Montreal Protocol,1
$50 million,December 2023,1
$50 million,the Central Bank of Jordan,1
$50 million,the Renewable Energy and Energy Efficiency Law,1
December 2023,the Central Bank of Jordan,1
December 2023,the Renewable Energy and Energy Efficiency Law,1
Asia,December 2023,1
December 2023,Kush Himalayan,1
December 2023,Over 200 million,1
December 2023,the International Year of Glaciers,1
December 2023,the United Nations,1
the Central Bank of Jordan,the Renewable Energy and Energy Efficiency Law,1
40 years,February 2024,1
40 years,Nature Communications,1
40 years,September,1
40 years,a decade earlier,1
2.4 million,40 years,1
2020-2023,40 years,1
36 million,40 years,1
40 years,East Africa,1
40 years,Ethiopia,1
40 years,Somalia,1
40 years,late 2023,1
40 years,over 13 million,1
February 2024,Nature Communications,1
February 2024,September,1
February 2024,a decade earlier,1
1981-2010,February 2024,1
2.6 million square kilometers,February 2024,1
Antarctic ice,February 2024,1
February 2024,The British Antarctic Survey,1
February 2024,the preceding 12 months,1
Nature Communications,September,1
Nature Communications,a decade earlier,1
September,a decade earlier,1
0.5%,1.0%,1
0.5%,1.1%,1
0.5%,1.5%,1
0.5%,15.5 billion tonnes,1
0.5%,36.8 billion tonnes,1
0.5%,7.4%,1
1.0%,1.1%,1
1.0%,1.5%,1
1.0%,15.5 billion tonnes,1
1.0%,36.8 billion tonnes,1
1.0%,7.4%,1
1.1%,1.5%,1
1.1%,15.5 billion tonnes,1
1.1%,36.8 billion tonnes,1
1.1%,7.4%,1
1.5%,15.5 billion tonnes,1
1.5%,36.8 billion tonnes,1
1.5%,7.4%,1
15.5 billion tonnes,36.8 billion tonnes,1
15.5 billion tonnes,7.4%,1
36.8 billion tonnes,7.4%,1
"1,923",722,1
"1,923",more than 2.5,1
722,more than 2.5,1
1981-2010,2.6 million square kilometers,1
1981-2010,Antarctic ice,1
1981-2010,The British Antarctic Survey,1
1981-2010,the preceding 12 months,1
2.6 million square kilometers,Antarctic ice,1
2.6 million square kilometers,The British Antarctic Survey,1
2.6 million square kilometers,the preceding 12 months,1
Antarctic ice,The British Antarctic Survey,1
Antarctic ice,the preceding 12 months,1
The British Antarctic Survey,the preceding 12 months,1
2023 summer,31 consecutive days,1
2023 summer,43 degrees,1
2023 summer,Arizona,1
2023 summer,ETH Zurich,1
2023 summer,Nature,1
2023 summer,Phoenix,1
2023 summer,The World Weather Attribution,1
2023 summer,approximately 2.5 degrees,1
2023 summer,the Northern Hemisphere,1
31 consecutive days,43 degrees,1
31 consecutive days,Arizona,1
31 consecutive days,ETH Zurich,1
31 consecutive days,Nature,1
31 consecutive days,Phoenix,1
31 consecutive days,The World Weather Attribution,1
31 consecutive days,approximately 2.5 degrees,1
31 consecutive days,the Northern Hemisphere,1
43 degrees,Arizona,1
43 degrees,ETH Zurich,1
43 degrees,Nature,1
43 degrees,Phoenix,1
43 degrees,The World Weather Attribution,1
43 degrees,approximately 2.5 degrees,1
43 degrees,the Northern Hemisphere,1
Arizona,ETH Zurich,1
Arizona,Nature,1
Arizona,Phoenix,1
Arizona,The World Weather Attribution,1
Arizona,approximately 2.5 degrees,1
Arizona,the Northern Hemisphere,1
ETH Zurich,Nature,1
ETH Zurich,Phoenix,1
ETH Zurich,The World Weather Attribution,1
ETH Zurich,approximately 2.5 degrees,1
ETH Zurich,the Northern Hemisphere,1
Nature,Phoenix,1
Nature,The World Weather Attribution,1
Nature,approximately 2.5 degrees,1
Nature,the Northern Hemisphere,1
Phoenix,The World Weather Attribution,1
Phoenix,approximately 2.5 degrees,1
Phoenix,the Northern Hemisphere,1
The World Weather Attribution,approximately 2.5 degrees,1
The World Weather Attribution,the Northern Hemisphere,1
approximately 2.5 degrees,the Northern Hemisphere,1
2024 heatwave season,the Northern Hemisphere,1
Baghdad,the Northern Hemisphere,1
Riyadh,the Northern Hemisphere,1
The Global Heat Health Information Network,the Northern Hemisphere,1
hours,the Northern Hemisphere,1
"1,739",190%,1
"1,739",33 million,1
"1,739",8 million,1
"1,739",Hindu Kush,1
"1,739",Karakoram,1
"1,739",Pakistan,1
"1,739",September 2022,1
"1,739",The World Health Organization,1
"1,739",one-third,1
"1,739",over $30 billion,1
190%,33 million,1
190%,8 million,1
190%,Hindu Kush,1
190%,Karakoram,1
190%,Pakistan,1
190%,September 2022,1
190%,The World Health Organization,1
190%,one-third,1
190%,over $30 billion,1
33 million,8 million,1
33 million,Hindu Kush,1
33 million,Karakoram,1
33 million,Pakistan,1
33 million,September 2022,1
33 million,The World Health Organization,1
33 million,one-third,1
33 million,over $30 billion,1
8 million,Hindu Kush,1
8 million,Karakoram,1
8 million,Pakistan,1
8 million,September 2022,1
8 million,The World Health Organization,1
8 million,one-third,1
8 million,over $30 billion,1
Hindu Kush,Karakoram,1
Hindu Kush,Pakistan,1
Hindu Kush,September 2022,1
Hindu Kush,The World Health Organization,1
Hindu Kush,one-third,1
Hindu Kush,over $30 billion,1
Karakoram,Pakistan,1
Karakoram,September 2022,1
Karakoram,The World Health Organization,1
Karakoram,one-third,1
Karakoram,over $30 billion,1
Pakistan,September 2022,1
Pakistan,The World Health Organization,1
Pakistan,one-third,1
Pakistan,over $30 billion,1
$100 billion,Pakistan,1
$180 million,Pakistan,1
$250 million,Pakistan,1
2019-2030,Pakistan,1
Pakistan,South,1
Pakistan,Southeast Asia,1
Pakistan,The Asian Development Bank,1
September 2022,The World Health Organization,1
September 2022,one-third,1
September 2022,over $30 billion,1
The World Health Organization,one-third,1
The World Health Organization,over $30 billion,1
68%,The World Health Organization,1
The Lancet Countdown on Health and Climate Change,The World Health Organization,1
The World Health Organization,"approximately 250,000",1
The World Health Organization,between 2000 and 2022,1
The World Health Organization,between 2030,1
one-third,over $30 billion,1
$92.9 billion,100,1
$92.9 billion,28,1
$92.9 billion,Lahaina,1
$92.9 billion,billion-dollar,1
$92.9 billion,the United States,1
100,28,1
100,Lahaina,1
100,billion-dollar,1
100,the United States,1
$50 billion,100,1
100,approximately $100 billion,1
100,only 3.8%,1
100,the African Group of Negotiators,1
28,Lahaina,1
28,billion-dollar,1
28,the United States,1
Lahaina,billion-dollar,1
Lahaina,the United States,1
billion-dollar,the United States,1
$2.2 trillion,the United States,1
$250 million,the United States,1
$575 billion,the United States,1
the United States,the end of 2023,1
1.5-degree,the United States,1
G20,the United States,1
Russia,the United States,1
only 6,the United States,1
68%,The Lancet Countdown on Health and Climate Change,1
68%,"approximately 250,000",1
68%,between 2000 and 2022,1
68%,between 2030,1
The Lancet Countdown on Health and Climate Change,"approximately 250,000",1
The Lancet Countdown on Health and Climate Change,between 2000 and 2022,1
The Lancet Countdown on Health and Climate Change,between 2030,1
"approximately 250,000",between 2000 and 2022,1
"approximately 250,000",between 2030,1
between 2000 and 2022,between 2030,1
2.4 million,2020-2023,1
2.4 million,36 million,1
2.4 million,East Africa,1
2.4 million,Ethiopia,1
2.4 million,Somalia,1
2.4 million,late 2023,1
2.4 million,over 13 million,1
2020-2023,36 million,1
2020-2023,East Africa,1
2020-2023,Ethiopia,1
2020-2023,Somalia,1
2020-2023,late 2023,1
2020-2023,over 13 million,1
36 million,East Africa,1
36 million,Ethiopia,1
36 million,Somalia,1
36 million,late 2023,1
36 million,over 13 million,1
East Africa,Ethiopia,1
East Africa,Somalia,1
East Africa,late 2023,1
East Africa,over 13 million,1
Ethiopia,Somalia,1
Ethiopia,late 2023,1
Ethiopia,over 13 million,1
Somalia,late 2023,1
Somalia,over 13 million,1
late 2023,over 13 million,1
12 days,4.2 million,1
12 days,75 micrograms per cubic meter,1
12 days,The Ministry of Health,1
12 days,WHO,1
12 days,the 2023 summer,1
4.2 million,75 micrograms per cubic meter,1
4.2 million,The Ministry of Health,1
4.2 million,WHO,1
4.2 million,the 2023 summer,1
75 micrograms per cubic meter,The Ministry of Health,1
75 micrograms per cubic meter,WHO,1
75 micrograms per cubic meter,the 2023 summer,1
The Ministry of Health,WHO,1
The Ministry of Health,the 2023 summer,1
WHO,the 2023 summer,1
1.2 million,26.4 million,1
1.2 million,Lebanon,1
1.2 million,Levant,1
1.2 million,UNHCR,1
1.2 million,the Internal Displacement Monitoring Centre,1
26.4 million,Lebanon,1
26.4 million,Levant,1
26.4 million,UNHCR,1
26.4 million,the Internal Displacement Monitoring Centre,1
Lebanon,Levant,1
Lebanon,UNHCR,1
Lebanon,the Internal Displacement Monitoring Centre,1
Levant,UNHCR,1
Levant,the Internal Displacement Monitoring Centre,1
UNHCR,the Internal Displacement Monitoring Centre,1
$5.5 million,UNHCR,1
12.9-megawatt,UNHCR,1
14 hours,UNHCR,1
2017,UNHCR,1
Azraq,UNHCR,1
IKEA Foundation,UNHCR,1
Syrian,UNHCR,1
UNHCR,"approximately 43,000",1
UNHCR,only 8 hours,1
$2.5 billion,52%,1
$2.5 billion,580 megawatts,1
$2.5 billion,"760,000 tonnes",1
$2.5 billion,Morocco,1
$2.5 billion,Noor-Ouarzazate,1
$2.5 billion,Sahara,1
$2.5 billion,up to 7 hours,1
52%,580 megawatts,1
52%,"760,000 tonnes",1
52%,Morocco,1
52%,Noor-Ouarzazate,1
52%,Sahara,1
52%,up to 7 hours,1
580 megawatts,"760,000 tonnes",1
580 megawatts,Morocco,1
580 megawatts,Noor-Ouarzazate,1
580 megawatts,Sahara,1
580 megawatts,up to 7 hours,1
"760,000 tonnes",Morocco,1
"760,000 tonnes",Noor-Ouarzazate,1
"760,000 tonnes",Sahara,1
"760,000 tonnes",up to 7 hours,1
Morocco,Noor-Ouarzazate,1
Morocco,Sahara,1
Morocco,up to 7 hours,1
Noor-Ouarzazate,Sahara,1
Noor-Ouarzazate,up to 7 hours,1
Sahara,up to 7 hours,1
$19 billion,Sahara,1
100 million,Sahara,1
2007,Sahara,1
"8,000 kilometers",Sahara,1
African,Sahara,1
Djibouti,Sahara,1
January 2021,Sahara,1
Sahara,Sahel Initiative,1
Sahara,Senegal,1
Sahara,approximately 18 million,1
Sahara,the One Planet Summit,1
$19 billion,100 million,1
$19 billion,2007,1
$19 billion,"8,000 kilometers",1
$19 billion,African,1
$19 billion,Djibouti,1
$19 billion,January 2021,1
$19 billion,Sahel Initiative,1
$19 billion,Senegal,1
$19 billion,approximately 18 million,1
$19 billion,the One Planet Summit,1
100 million,2007,1
100 million,"8,000 kilometers",1
100 million,African,1
100 million,Djibouti,1
100 million,January 2021,1
100 million,Sahel Initiative,1
100 million,Senegal,1
100 million,approximately 18 million,1
100 million,the One Planet Summit,1
2007,"8,000 kilometers",1
2007,African,1
2007,Djibouti,1
2007,January 2021,1
2007,Sahel Initiative,1
2007,Senegal,1
2007,approximately 18 million,1
2007,the One Planet Summit,1
"8,000 kilometers",African,1
"8,000 kilometers",Djibouti,1
"8,000 kilometers",January 2021,1
"8,000 kilometers",Sahel Initiative,1
"8,000 kilometers",Senegal,1
"8,000 kilometers",approximately 18 million,1
"8,000 kilometers",the One Planet Summit,1
African,Djibouti,1
African,January 2021,1
African,Sahel Initiative,1
African,Senegal,1
African,approximately 18 million,1
African,the One Planet Summit,1
2018,African,1
2063,African,1
"500-5,000",African,1
60%,African,1
African,The African Union's Agenda,1
African,only 1.3%,1
Djibouti,January 2021,1
Djibouti,Sahel Initiative,1
Djibouti,Senegal,1
Djibouti,approximately 18 million,1
Djibouti,the One Planet Summit,1
January 2021,Sahel Initiative,1
January 2021,Senegal,1
January 2021,approximately 18 million,1
January 2021,the One Planet Summit,1
Sahel Initiative,Senegal,1
Sahel Initiative,approximately 18 million,1
Sahel Initiative,the One Planet Summit,1
Senegal,approximately 18 million,1
Senegal,the One Planet Summit,1
approximately 18 million,the One Planet Summit,1
$28 million,"635,000 tonnes",1
$28 million,Denmark,1
$28 million,Kalundborg Symbiosis,1
"635,000 tonnes",Denmark,1
"635,000 tonnes",Kalundborg Symbiosis,1
Denmark,Kalundborg Symbiosis,1
$2 billion,2027,1
$2 billion,3-degree,1
$2 billion,Medina al-Munawwarah,1
2027,3-degree,1
2027,Medina al-Munawwarah,1
3-degree,Medina al-Munawwarah,1
$3.5 billion,40 million,1
$3.5 billion,60%,1
$3.5 billion,Delta,1
$3.5 billion,Egypt,1
$3.5 billion,National Adaptation Plan,1
$3.5 billion,the Agricultural Research Centre,1
$3.5 billion,the Nile Delta,1
40 million,60%,1
40 million,Delta,1
40 million,Egypt,1
40 million,National Adaptation Plan,1
40 million,the Agricultural Research Centre,1
40 million,the Nile Delta,1
120 million,40 million,1
2009,40 million,1
2040,40 million,1
40 million,76%,1
40 million,Southeast Asian,1
40 million,The Coral Triangle Initiative,1
40 million,marine habitat,1
60%,Delta,1
60%,Egypt,1
60%,National Adaptation Plan,1
60%,the Agricultural Research Centre,1
60%,the Nile Delta,1
31.5%,60%,1
34.2%,60%,1
60%,The Dead Sea's,1
60%,the Dead Sea,1
60%,the Helmholtz Centre for Environmental Research,1
60%,the University of Jordan,1
60%,three decades,1
2018,60%,1
2063,60%,1
"500-5,000",60%,1
60%,The African Union's Agenda,1
60%,only 1.3%,1
Delta,Egypt,1
Delta,National Adaptation Plan,1
Delta,the Agricultural Research Centre,1
Delta,the Nile Delta,1
Egypt,National Adaptation Plan,1
Egypt,the Agricultural Research Centre,1
Egypt,the Nile Delta,1
National Adaptation Plan,the Agricultural Research Centre,1
National Adaptation Plan,the Nile Delta,1
the Agricultural Research Centre,the Nile Delta,1
3 to 8 degrees Celsius,Baghdad,1
3 to 8 degrees Celsius,Middle Eastern,1
3 to 8 degrees Celsius,Riyadh,1
Baghdad,Middle Eastern,1
1.5 degrees,Antonio Guterres,1
2024 heatwave season,Baghdad,1
Baghdad,The Global Heat Health Information Network,1
Baghdad,hours,1
Middle Eastern,Riyadh,1
60-80%,Middle Eastern,1
Middle Eastern,Sustainable City,1
Middle Eastern,over 30%,1
2024 heatwave season,Riyadh,1
Riyadh,The Global Heat Health Information Network,1
Riyadh,hours,1
2.0 degrees,2.5,1
2.0 degrees,2.9 degrees,1
2.0 degrees,2035,1
2.0 degrees,42%,1
2.0 degrees,57%,1
2.0 degrees,Emissions Gap Report,1
2.5,2.9 degrees,1
2.5,2035,1
2.5,42%,1
2.5,57%,1
2.5,Emissions Gap Report,1
2.9 degrees,2035,1
2.9 degrees,42%,1
2.9 degrees,57%,1
2.9 degrees,Emissions Gap Report,1
2035,42%,1
2035,57%,1
2035,Emissions Gap Report,1
42%,57%,1
42%,Emissions Gap Report,1
57%,Emissions Gap Report,1
$10 billion,300 million cubic meters,1
$10 billion,400-meter,1
$10 billion,800 megawatts,1
$10 billion,Dead Sea,1
$10 billion,the Palestinian Authority,1
$10 billion,the Red Sea,1
300 million cubic meters,400-meter,1
300 million cubic meters,800 megawatts,1
300 million cubic meters,Dead Sea,1
300 million cubic meters,the Palestinian Authority,1
300 million cubic meters,the Red Sea,1
400-meter,800 megawatts,1
400-meter,Dead Sea,1
400-meter,the Palestinian Authority,1
400-meter,the Red Sea,1
800 megawatts,Dead Sea,1
800 megawatts,the Palestinian Authority,1
800 megawatts,the Red Sea,1
Dead Sea,the Palestinian Authority,1
Dead Sea,the Red Sea,1
the Palestinian Authority,the Red Sea,1
$2.4 trillion,12%,1
$2.4 trillion,35 degrees,1
$2.4 trillion,The Lancet Planetary Health,1
$2.4 trillion,months,1
12%,35 degrees,1
12%,The Lancet Planetary Health,1
12%,months,1
12%,600 tonnes,1
12%,Asia,1
12%,NEOM,1
12%,Saudi Arabia,1
12%,The Middle East's,1
12%,the Hydrogen Council,1
35 degrees,The Lancet Planetary Health,1
35 degrees,months,1
The Lancet Planetary Health,months,1
12th,1979,1
12th,26.0 million square kilometers,1
12th,Antarctic,1
12th,Antarctica,1
12th,"September 21, 2023",1
12th,approximately 2066,1
1979,26.0 million square kilometers,1
1979,Antarctic,1
1979,Antarctica,1
1979,"September 21, 2023",1
1979,approximately 2066,1
26.0 million square kilometers,Antarctic,1
26.0 million square kilometers,Antarctica,1
26.0 million square kilometers,"September 21, 2023",1
26.0 million square kilometers,approximately 2066,1
Antarctic,Antarctica,1
Antarctic,"September 21, 2023",1
Antarctic,approximately 2066,1
2 kilometers,Antarctic,1
65 centimeters,Antarctic,1
Antarctic,Nature Climate Change,1
Antarctic,West Antarctic Ice Sheet,1
Antarctic,between 2012 and 2022,1
Antarctic,the Alfred Wegener Institute,1
Antarctic,the Doomsday Glacier,1
Antarctic,the previous decade,1
Antarctica,"September 21, 2023",1
Antarctica,approximately 2066,1
"September 21, 2023",approximately 2066,1
117 megawatts,38,1
117 megawatts,5-15%,1
117 megawatts,Al Tafila,1
117 megawatts,"approximately 80,000",1
38,5-15%,1
38,Al Tafila,1
38,"approximately 80,000",1
5-15%,Al Tafila,1
5-15%,"approximately 80,000",1
Al Tafila,"approximately 80,000",1
1982,20 to 50,1
1982,90%,1
1982,Marine,1
1982,The Intergovernmental Panel on Climate Change Special Report,1
20 to 50,90%,1
20 to 50,Marine,1
20 to 50,The Intergovernmental Panel on Climate Change Special Report,1
90%,Marine,1
90%,The Intergovernmental Panel on Climate Change Special Report,1
Marine,The Intergovernmental Panel on Climate Change Special Report,1
$50 billion,approximately $100 billion,1
$50 billion,only 3.8%,1
$50 billion,the African Group of Negotiators,1
approximately $100 billion,only 3.8%,1
approximately $100 billion,the African Group of Negotiators,1
only 3.8%,the African Group of Negotiators,1
$5.5 million,12.9-megawatt,1
$5.5 million,14 hours,1
$5.5 million,2017,1
$5.5 million,Azraq,1
$5.5 million,IKEA Foundation,1
$5.5 million,Syrian,1
$5.5 million,"approximately 43,000",1
$5.5 million,only 8 hours,1
12.9-megawatt,14 hours,1
12.9-megawatt,2017,1
12.9-megawatt,Azraq,1
12.9-megawatt,IKEA Foundation,1
12.9-megawatt,Syrian,1
12.9-megawatt,"approximately 43,000",1
12.9-megawatt,only 8 hours,1
14 hours,2017,1
14 hours,Azraq,1
14 hours,IKEA Foundation,1
14 hours,Syrian,1
14 hours,"approximately 43,000",1
14 hours,only 8 hours,1
2017,Azraq,1
2017,IKEA Foundation,1
2017,Syrian,1
2017,"approximately 43,000",1
2017,only 8 hours,1
Azraq,IKEA Foundation,1
Azraq,Syrian,1
Azraq,"approximately 43,000",1
Azraq,only 8 hours,1
IKEA Foundation,Syrian,1
IKEA Foundation,"approximately 43,000",1
IKEA Foundation,only 8 hours,1
Syrian,"approximately 43,000",1
Syrian,only 8 hours,1
"approximately 43,000",only 8 hours,1
0.3 degrees,Global Methane Assessment,1
0.3 degrees,The United Nations Environment Programme,1
0.3 degrees,mid-century,1
Global Methane Assessment,The United Nations Environment Programme,1
Global Methane Assessment,mid-century,1
The United Nations Environment Programme,mid-century,1
20%,2008,1
20%,2040,1
20%,70%,1
20%,The International Maritime Organization,1
20%,approximately 3%,1
10-20%,20%,1
1900,20%,1
20%,3.5,1
20%,Earth,1
20%,the Eastern Mediterranean,1
20%,winter,1
2008,2040,1
2008,70%,1
2008,The International Maritime Organization,1
2008,approximately 3%,1
2040,70%,1
2040,The International Maritime Organization,1
2040,approximately 3%,1
120 million,2040,1
2009,2040,1
2040,76%,1
2040,Southeast Asian,1
2040,The Coral Triangle Initiative,1
2040,marine habitat,1
70%,The International Maritime Organization,1
70%,approximately 3%,1
The International Maritime Organization,approximately 3%,1
14.5%,Nature Food,1
14.5%,approximately 34%,1
14.5%,up to 70%,1
Nature Food,approximately 34%,1
Nature Food,up to 70%,1
approximately 34%,up to 70%,1
22.8 million,3.7 million,1
22.8 million,Bolivia,1
22.8 million,The World Resources Institute,1
22.8 million,every 5 seconds,1
22.8 million,the Democratic Republic of Congo,1
3.7 million,Bolivia,1
3.7 million,The World Resources Institute,1
3.7 million,every 5 seconds,1
3.7 million,the Democratic Republic of Congo,1
Bolivia,The World Resources Institute,1
Bolivia,every 5 seconds,1
Bolivia,the Democratic Republic of Congo,1
The World Resources Institute,every 5 seconds,1
The World Resources Institute,the Democratic Republic of Congo,1
every 5 seconds,the Democratic Republic of Congo,1
$1.8 billion,2023-2040,1
$1.8 billion,400 million cubic meters,1
$1.8 billion,German,1
$1.8 billion,KfW,1
$1.8 billion,Ministry of Water and Irrigation,1
$1.8 billion,USAID,1
$1.8 billion,the National Water Strategy,1
2023-2040,400 million cubic meters,1
2023-2040,German,1
2023-2040,KfW,1
2023-2040,Ministry of Water and Irrigation,1
2023-2040,USAID,1
2023-2040,the National Water Strategy,1
400 million cubic meters,German,1
400 million cubic meters,KfW,1
400 million cubic meters,Ministry of Water and Irrigation,1
400 million cubic meters,USAID,1
400 million cubic meters,the National Water Strategy,1
German,KfW,1
German,Ministry of Water and Irrigation,1
German,USAID,1
German,the National Water Strategy,1
KfW,Ministry of Water and Irrigation,1
KfW,USAID,1
KfW,the National Water Strategy,1
Ministry of Water and Irrigation,USAID,1
Ministry of Water and Irrigation,the National Water Strategy,1
USAID,the National Water Strategy,1
1 billion,32%,1
1 billion,approximately 70%,1
1 billion,"over 12,500",1
32%,approximately 70%,1
32%,"over 12,500",1
approximately 70%,"over 12,500",1
10-20%,1900,1
10-20%,3.5,1
10-20%,Earth,1
10-20%,the Eastern Mediterranean,1
10-20%,winter,1
1900,3.5,1
1900,Earth,1
1900,the Eastern Mediterranean,1
1900,winter,1
10%,1900,1
1900,3 kilometers,1
1900,Alps,1
1900,Swiss,1
1900,The Aletsch Glacier,1
1900,The World Glacier Monitoring Service,1
1900,over 1 meter,1
1900,the past two years,1
3.5,Earth,1
3.5,the Eastern Mediterranean,1
3.5,winter,1
Earth,the Eastern Mediterranean,1
Earth,winter,1
$490 billion,Earth,1
10%,Earth,1
1920,Earth,1
2 billion,Earth,1
Earth,The Sahara Desert,1
Earth,approximately 48 kilometers,1
Earth,threatens 40%,1
the Eastern Mediterranean,winter,1
$100 billion,$180 million,1
$100 billion,$250 million,1
$100 billion,2019-2030,1
$100 billion,South,1
$100 billion,Southeast Asia,1
$100 billion,The Asian Development Bank,1
$180 million,$250 million,1
$180 million,2019-2030,1
$180 million,South,1
$180 million,Southeast Asia,1
$180 million,The Asian Development Bank,1
$250 million,2019-2030,1
$250 million,South,1
$250 million,Southeast Asia,1
$250 million,The Asian Development Bank,1
$2.2 trillion,$250 million,1
$250 million,$575 billion,1
$250 million,the end of 2023,1
2019-2030,South,1
2019-2030,Southeast Asia,1
2019-2030,The Asian Development Bank,1
South,Southeast Asia,1
South,The Asian Development Bank,1
Southeast Asia,The Asian Development Bank,1
0.5 degrees Celsius,1.5 million square kilometers,1
0.5 degrees Celsius,1980,1
0.5 degrees Celsius,2006,1
0.5 degrees Celsius,Qinghai,1
0.5 degrees Celsius,the Tibetan Plateau,1
1.5 million square kilometers,1980,1
1.5 million square kilometers,2006,1
1.5 million square kilometers,Qinghai,1
1.5 million square kilometers,the Tibetan Plateau,1
1980,2006,1
1980,Qinghai,1
1980,the Tibetan Plateau,1
2006,Qinghai,1
2006,the Tibetan Plateau,1
Qinghai,the Tibetan Plateau,1
1 trillion,2 billion,1
1 trillion,36 billion,1
1 trillion,4.5 billion,1
1 trillion,500 million,1
1 trillion,58%,1
1 trillion,Poland,1
1 trillion,Spain,1
1 trillion,The European Investment Bank,1
1 trillion,the North Sea,1
2 billion,36 billion,1
2 billion,4.5 billion,1
2 billion,500 million,1
2 billion,58%,1
2 billion,Poland,1
2 billion,Spain,1
2 billion,The European Investment Bank,1
2 billion,the North Sea,1
$490 billion,2 billion,1
10%,2 billion,1
1920,2 billion,1
2 billion,The Sahara Desert,1
2 billion,approximately 48 kilometers,1
2 billion,threatens 40%,1
36 billion,4.5 billion,1
36 billion,500 million,1
36 billion,58%,1
36 billion,Poland,1
36 billion,Spain,1
36 billion,The European Investment Bank,1
36 billion,the North Sea,1
4.5 billion,500 million,1
4.5 billion,58%,1
4.5 billion,Poland,1
4.5 billion,Spain,1
4.5 billion,The European Investment Bank,1
4.5 billion,the North Sea,1
500 million,58%,1
500 million,Poland,1
500 million,Spain,1
500 million,The European Investment Bank,1
500 million,the North Sea,1
58%,Poland,1
58%,Spain,1
58%,The European Investment Bank,1
58%,the North Sea,1
Poland,Spain,1
Poland,The European Investment Bank,1
Poland,the North Sea,1
Spain,The European Investment Bank,1
Spain,the North Sea,1
500-megawatt,Spain,1
Italy,Spain,1
Neom,Spain,1
Saudi Arabia,Spain,1
Spain,The Red Sea's,1
Spain,up to 10%,1
The European Investment Bank,the North Sea,1
31.5%,34.2%,1
31.5%,The Dead Sea's,1
31.5%,the Dead Sea,1
31.5%,the Helmholtz Centre for Environmental Research,1
31.5%,the University of Jordan,1
31.5%,three decades,1
34.2%,The Dead Sea's,1
34.2%,the Dead Sea,1
34.2%,the Helmholtz Centre for Environmental Research,1
34.2%,the University of Jordan,1
34.2%,three decades,1
The Dead Sea's,the Dead Sea,1
The Dead Sea's,the Helmholtz Centre for Environmental Research,1
The Dead Sea's,the University of Jordan,1
The Dead Sea's,three decades,1
the Dead Sea,the Helmholtz Centre for Environmental Research,1
the Dead Sea,the University of Jordan,1
the Dead Sea,three decades,1
the Helmholtz Centre for Environmental Research,the University of Jordan,1
the Helmholtz Centre for Environmental Research,three decades,1
the University of Jordan,three decades,1
23,the University of Jordan,1
Indo-Pacific,the University of Jordan,1
Red Sea,the University of Jordan,1
the Aqaba Marine Science Station,the University of Jordan,1
the Gulf of Aqaba,the University of Jordan,1
"130,000","600,000",1
"130,000",Indonesia,1
"130,000",the Asian Development Bank,1
"600,000",Indonesia,1
"600,000",the Asian Development Bank,1
Indonesia,the Asian Development Bank,1
$1.8 trillion,$7.1 trillion,1
$1.8 trillion,Ban Ki-moon,1
$1.8 trillion,Bill Gates,1
$1.8 trillion,The Global Commission on Adaptation,1
$1.8 trillion,between 2020 and 2030,1
$7.1 trillion,Ban Ki-moon,1
$7.1 trillion,Bill Gates,1
$7.1 trillion,The Global Commission on Adaptation,1
$7.1 trillion,between 2020 and 2030,1
Ban Ki-moon,Bill Gates,1
Ban Ki-moon,The Global Commission on Adaptation,1
Ban Ki-moon,between 2020 and 2030,1
Bill Gates,The Global Commission on Adaptation,1
Bill Gates,between 2020 and 2030,1
The Global Commission on Adaptation,between 2020 and 2030,1
2 kilometers,65 centimeters,1
2 kilometers,Nature Climate Change,1
2 kilometers,West Antarctic Ice Sheet,1
2 kilometers,between 2012 and 2022,1
2 kilometers,the Alfred Wegener Institute,1
2 kilometers,the Doomsday Glacier,1
2 kilometers,the previous decade,1
65 centimeters,Nature Climate Change,1
65 centimeters,West Antarctic Ice Sheet,1
65 centimeters,between 2012 and 2022,1
65 centimeters,the Alfred Wegener Institute,1
65 centimeters,the Doomsday Glacier,1
65 centimeters,the previous decade,1
Nature Climate Change,West Antarctic Ice Sheet,1
Nature Climate Change,between 2012 and 2022,1
Nature Climate Change,the Alfred Wegener Institute,1
Nature Climate Change,the Doomsday Glacier,1
Nature Climate Change,the previous decade,1
West Antarctic Ice Sheet,between 2012 and 2022,1
West Antarctic Ice Sheet,the Alfred Wegener Institute,1
West Antarctic Ice Sheet,the Doomsday Glacier,1
West Antarctic Ice Sheet,the previous decade,1
between 2012 and 2022,the Alfred Wegener Institute,1
between 2012 and 2022,the Doomsday Glacier,1
between 2012 and 2022,the previous decade,1
the Alfred Wegener Institute,the Doomsday Glacier,1
the Alfred Wegener Institute,the previous decade,1
the Doomsday Glacier,the previous decade,1
1.3 billion cubic meters,93%,1
1.3 billion cubic meters,Friends of the Earth Middle East,1
1.3 billion cubic meters,Syria,1
1.3 billion cubic meters,The Jordan River,1
1.3 billion cubic meters,less than 100 million cubic meters,1
93%,Friends of the Earth Middle East,1
93%,Syria,1
93%,The Jordan River,1
93%,less than 100 million cubic meters,1
Friends of the Earth Middle East,Syria,1
Friends of the Earth Middle East,The Jordan River,1
Friends of the Earth Middle East,less than 100 million cubic meters,1
Syria,The Jordan River,1
Syria,less than 100 million cubic meters,1
The Jordan River,less than 100 million cubic meters,1
"5,000 megawatts",863 megawatts,1
"5,000 megawatts",95%,1
"5,000 megawatts",Olkaria,1
"5,000 megawatts",the African Union,1
"5,000 megawatts",the Great Rift Valley,1
"5,000 megawatts",the Japan International Cooperation Agency,1
863 megawatts,95%,1
863 megawatts,Olkaria,1
863 megawatts,the African Union,1
863 megawatts,the Great Rift Valley,1
863 megawatts,the Japan International Cooperation Agency,1
95%,Olkaria,1
95%,the African Union,1
95%,the Great Rift Valley,1
95%,the Japan International Cooperation Agency,1
Olkaria,the African Union,1
Olkaria,the Great Rift Valley,1
Olkaria,the Japan International Cooperation Agency,1
the African Union,the Great Rift Valley,1
the African Union,the Japan International Cooperation Agency,1
the Great Rift Valley,the Japan International Cooperation Agency,1
2-3%,75-90%,1
2-3%,Working Group III,1
2-3%,zero,1
75-90%,Working Group III,1
75-90%,zero,1
Working Group III,zero,1
Asia,Kush Himalayan,1
Asia,Over 200 million,1
Asia,the International Year of Glaciers,1
Asia,the United Nations,1
600 tonnes,Asia,1
Asia,NEOM,1
Asia,Saudi Arabia,1
Asia,The Middle East's,1
Asia,the Hydrogen Council,1
Kush Himalayan,Over 200 million,1
Kush Himalayan,the International Year of Glaciers,1
Kush Himalayan,the United Nations,1
Over 200 million,the International Year of Glaciers,1
Over 200 million,the United Nations,1
the International Year of Glaciers,the United Nations,1
4-5 degrees,Red Sea,1
4-5 degrees,Saudi Arabia,1
4-5 degrees,Science Advances,1
4-5 degrees,the Gulf of Aqaba,1
Red Sea,Saudi Arabia,1
Red Sea,Science Advances,1
1.5 degrees,March 2023,1
23,Red Sea,1
Indo-Pacific,Red Sea,1
Red Sea,the Aqaba Marine Science Station,1
Saudi Arabia,Science Advances,1
Saudi Arabia,the Gulf of Aqaba,1
85%,Saudi Arabia,1
CRISPR,Saudi Arabia,1
Saudi Arabia,Tabuk,1
Saudi Arabia,the King Abdullah University of Science and Technology,1
500-megawatt,Saudi Arabia,1
Italy,Saudi Arabia,1
Neom,Saudi Arabia,1
Saudi Arabia,The Red Sea's,1
Saudi Arabia,up to 10%,1
7.8 cubic kilometers,Saudi Arabia,1
Arabian,Saudi Arabia,1
ESA,Saudi Arabia,1
Iraq,Saudi Arabia,1
Saudi Arabia,Sentinel,1
80 million,Saudi Arabia,1
Qatar,Saudi Arabia,1
Saudi Arabia,The International Labour Organization,1
Saudi Arabia,summer hours,1
600 tonnes,Saudi Arabia,1
NEOM,Saudi Arabia,1
Saudi Arabia,The Middle East's,1
Saudi Arabia,the Hydrogen Council,1
Science Advances,the Gulf of Aqaba,1
23,the Gulf of Aqaba,1
Indo-Pacific,the Gulf of Aqaba,1
the Aqaba Marine Science Station,the Gulf of Aqaba,1
10%,3 kilometers,1
10%,Alps,1
10%,Swiss,1
10%,The Aletsch Glacier,1
10%,The World Glacier Monitoring Service,1
10%,over 1 meter,1
10%,the past two years,1
$490 billion,10%,1
10%,1920,1
10%,The Sahara Desert,1
10%,approximately 48 kilometers,1
10%,threatens 40%,1
3 kilometers,Alps,1
3 kilometers,Swiss,1
3 kilometers,The Aletsch Glacier,1
3 kilometers,The World Glacier Monitoring Service,1
3 kilometers,over 1 meter,1
3 kilometers,the past two years,1
Alps,Swiss,1
Alps,The Aletsch Glacier,1
Alps,The World Glacier Monitoring Service,1
Alps,over 1 meter,1
Alps,the past two years,1
Swiss,The Aletsch Glacier,1
Swiss,The World Glacier Monitoring Service,1
Swiss,over 1 meter,1
Swiss,the past two years,1
The Aletsch Glacier,The World Glacier Monitoring Service,1
The Aletsch Glacier,over 1 meter,1
The Aletsch Glacier,the past two years,1
The World Glacier Monitoring Service,over 1 meter,1
The World Glacier Monitoring Service,the past two years,1
over 1 meter,the past two years,1
"10,000",15-30%,1
"10,000",2026,1
"10,000",the Jordanian Ministry of Agriculture,1
15-30%,2026,1
15-30%,the Jordanian Ministry of Agriculture,1
2026,the Jordanian Ministry of Agriculture,1
200,the Jordanian Ministry of Agriculture,1
30-50%,the Jordanian Ministry of Agriculture,1
AI,the Jordanian Ministry of Agriculture,1
GIZ,the Jordanian Ministry of Agriculture,1
IoT,the Jordanian Ministry of Agriculture,1
65,"Over 2,300",1
65,Vanuatu,1
65,over 130,1
65,the International Court of Justice,1
"Over 2,300",Vanuatu,1
"Over 2,300",over 130,1
"Over 2,300",the International Court of Justice,1
Vanuatu,over 130,1
Vanuatu,the International Court of Justice,1
over 130,the International Court of Justice,1
20-megawatt,8 million cubic meters,1
20-megawatt,the King Talal Dam reservoir,1
20-megawatt,up to 90%,1
8 million cubic meters,the King Talal Dam reservoir,1
8 million cubic meters,up to 90%,1
the King Talal Dam reservoir,up to 90%,1
The Climate Justice Alliance,The Global Adaptation Finance Tracker,1
The Climate Justice Alliance,only 7%,1
The Global Adaptation Finance Tracker,only 7%,1
85%,CRISPR,1
85%,Tabuk,1
85%,the King Abdullah University of Science and Technology,1
CRISPR,Tabuk,1
CRISPR,the King Abdullah University of Science and Technology,1
Tabuk,the King Abdullah University of Science and Technology,1
37%,41%,1
37%,The Global Biodiversity Framework Monitor,1
37%,The Mediterranean Sea,1
41%,The Global Biodiversity Framework Monitor,1
41%,The Mediterranean Sea,1
The Global Biodiversity Framework Monitor,The Mediterranean Sea,1
$12 million,45,1
$12 million,an estimated 22%,1
$12 million,the 2024 winter season,1
$12 million,the European Space Agency,1
45,an estimated 22%,1
45,the 2024 winter season,1
45,the European Space Agency,1
an estimated 22%,the 2024 winter season,1
an estimated 22%,the European Space Agency,1
the 2024 winter season,the European Space Agency,1
4 million tonnes,45 million tonnes,1
4 million tonnes,CCS,1
4 million tonnes,Gorgon,1
4 million tonnes,Western Australia,1
4 million tonnes,the Global CCS Institute,1
45 million tonnes,CCS,1
45 million tonnes,Gorgon,1
45 million tonnes,Western Australia,1
45 million tonnes,the Global CCS Institute,1
CCS,Gorgon,1
CCS,Western Australia,1
CCS,the Global CCS Institute,1
Gorgon,Western Australia,1
Gorgon,the Global CCS Institute,1
Western Australia,the Global CCS Institute,1
$7 trillion,7.1%,1
$7 trillion,IMF,1
$7 trillion,OECD,1
7.1%,IMF,1
7.1%,OECD,1
IMF,OECD,1
$490 billion,1920,1
$490 billion,The Sahara Desert,1
$490 billion,approximately 48 kilometers,1
$490 billion,threatens 40%,1
1920,The Sahara Desert,1
1920,approximately 48 kilometers,1
1920,threatens 40%,1
The Sahara Desert,approximately 48 kilometers,1
The Sahara Desert,threatens 40%,1
approximately 48 kilometers,threatens 40%,1
$2.2 trillion,$575 billion,1
$2.2 trillion,the end of 2023,1
$575 billion,the end of 2023,1
1 degree,3-5%,1
1 degree,73,1
3-5%,73,1
2024 heatwave season,The Global Heat Health Information Network,1
2024 heatwave season,hours,1
The Global Heat Health Information Network,hours,1
500-megawatt,Italy,1
500-megawatt,Neom,1
500-megawatt,The Red Sea's,1
500-megawatt,up to 10%,1
Italy,Neom,1
Italy,The Red Sea's,1
Italy,up to 10%,1
Neom,The Red Sea's,1
Neom,up to 10%,1
The Red Sea's,up to 10%,1
2.4-2.6 degrees,The Global Stocktake at COP28,1
2.4-2.6 degrees,non-CO2,1
The Global Stocktake at COP28,non-CO2,1
200,30-50%,1
200,AI,1
200,GIZ,1
200,IoT,1
30-50%,AI,1
30-50%,GIZ,1
30-50%,IoT,1
AI,GIZ,1
AI,IoT,1
GIZ,IoT,1
0.033,0.049,1
0.033,89%,1
0.033,The International Renewable Energy Agency,1
0.049,89%,1
0.049,The International Renewable Energy Agency,1
89%,The International Renewable Energy Agency,1
23,Indo-Pacific,1
23,the Aqaba Marine Science Station,1
Indo-Pacific,the Aqaba Marine Science Station,1
7.8 cubic kilometers,Arabian,1
7.8 cubic kilometers,ESA,1
7.8 cubic kilometers,Iraq,1
7.8 cubic kilometers,Sentinel,1
Arabian,ESA,1
Arabian,Iraq,1
Arabian,Sentinel,1
ESA,Iraq,1
ESA,Sentinel,1
Iraq,Sentinel,1
80 million,Qatar,1
80 million,The International Labour Organization,1
80 million,summer hours,1
Qatar,The International Labour Organization,1
Qatar,summer hours,1
The International Labour Organization,summer hours,1
2018,2063,1
2018,"500-5,000",1
2018,The African Union's Agenda,1
2018,only 1.3%,1
2063,"500-5,000",1
2063,The African Union's Agenda,1
2063,only 1.3%,1
"500-5,000",The African Union's Agenda,1
"500-5,000",only 1.3%,1
The African Union's Agenda,only 1.3%,1
10 million cubic meters,"3,000",1
10 million cubic meters,4 years,1
10 million cubic meters,The Royal Scientific Society,1
10 million cubic meters,rainwater harvesting,1
"3,000",4 years,1
"3,000",The Royal Scientific Society,1
"3,000",rainwater harvesting,1
4 years,The Royal Scientific Society,1
4 years,rainwater harvesting,1
The Royal Scientific Society,rainwater harvesting,1
120 million,2009,1
120 million,76%,1
120 million,Southeast Asian,1
120 million,The Coral Triangle Initiative,1
120 million,marine habitat,1
2009,76%,1
2009,Southeast Asian,1
2009,The Coral Triangle Initiative,1
2009,marine habitat,1
76%,Southeast Asian,1
76%,The Coral Triangle Initiative,1
76%,marine habitat,1
Southeast Asian,The Coral Triangle Initiative,1
Southeast Asian,marine habitat,1
The Coral Triangle Initiative,marine habitat,1
600 tonnes,NEOM,1
600 tonnes,The Middle East's,1
600 tonnes,the Hydrogen Council,1
NEOM,The Middle East's,1
NEOM,the Hydrogen Council,1
The Middle East's,the Hydrogen Council,1
28%,6 million,1
28%,Hussein Bin Talal,1
28%,The United Nations Industrial Development Organization,1
6 million,Hussein Bin Talal,1
6 million,The United Nations Industrial Development Organization,1
Hussein Bin Talal,The United Nations Industrial Development Organization,1
0.038,"14,000 acres",1
0.038,"2,245 megawatts",1
0.038,National Solar Mission,1
0.038,Rajasthan,1
0.038,The Bhadla Solar Park,1
"14,000 acres","2,245 megawatts",1
"14,000 acres",National Solar Mission,1
"14,000 acres",Rajasthan,1
"14,000 acres",The Bhadla Solar Park,1
"2,245 megawatts",National Solar Mission,1
"2,245 megawatts",Rajasthan,1
"2,245 megawatts",The Bhadla Solar Park,1
National Solar Mission,Rajasthan,1
National Solar Mission,The Bhadla Solar Park,1
Rajasthan,The Bhadla Solar Park,1
1.5-degree,G20,1
1.5-degree,Russia,1
1.5-degree,only 6,1
G20,Russia,1
G20,only 6,1
Russia,only 6,1
0.2 degrees Celsius,The Global Methane Pledge,1
0.2 degrees Celsius,over 150,1
The Global Methane Pledge,over 150,1
Global Risks Report,The World Economic Forum's,1
18%,between 2015 and 2023,1
18%,the European Space Agency's,1
between 2015 and 2023,the European Space Agency's,1
The Blue Carbon Initiative,The Gulf of Aqaba's,1
The Blue Carbon Initiative,"an estimated 1,800",1
The Blue Carbon Initiative,approximately 400 hectares,1
The Blue Carbon Initiative,up to 10,1
The Gulf of Aqaba's,"an estimated 1,800",1
The Gulf of Aqaba's,approximately 400 hectares,1
The Gulf of Aqaba's,up to 10,1
"an estimated 1,800",approximately 400 hectares,1
"an estimated 1,800",up to 10,1
approximately 400 hectares,up to 10,1
1 million,"100 to 1,000",1
1 million,11 meters,1
1 million,17 kilometers,1
1 million,The Intergovernmental Science-Policy Platform on Biodiversity and Ecosystem Services,1
"100 to 1,000",11 meters,1
"100 to 1,000",17 kilometers,1
"100 to 1,000",The Intergovernmental Science-Policy Platform on Biodiversity and Ecosystem Services,1
11 meters,17 kilometers,1
11 meters,The Intergovernmental Science-Policy Platform on Biodiversity and Ecosystem Services,1
$8.1 trillion,only 6%,1
60-80%,Sustainable City,1
60-80%,over 30%,1
Sustainable City,over 30%,1
$1.27 trillion,$8.1 trillion,1
$1.27 trillion,2021-2022,1
$1.27 trillion,63%,1
$1.27 trillion,94%,1
$1.27 trillion,The Global Landscape of Climate Finance,1
$1.27 trillion,only 6%,1
$1.27 trillion,the Climate Policy Initiative,1
$8.1 trillion,2021-2022,1
$8.1 trillion,63%,1
$8.1 trillion,94%,1
$8.1 trillion,The Global Landscape of Climate Finance,1
1.5 degrees,Sixth Assessment Report,1
only 6%,the Climate Policy Initiative,1
2021-2022,63%,1
2021-2022,94%,1
2021-2022,The Global Landscape of Climate Finance,1
2021-2022,only 6%,1
2021-2022,the Climate Policy Initiative,1
63%,94%,1
63%,The Global Landscape of Climate Finance,1
63%,only 6%,1
63%,the Climate Policy Initiative,1
94%,The Global Landscape of Climate Finance,1
94%,only 6%,1
94%,the Climate Policy Initiative,1
The Global Landscape of Climate Finance,only 6%,1
The Global Landscape of Climate Finance,the Climate Policy Initiative,1
1.5 degrees,COP,1
